Protein1,LinkPos1,Protein2,LinkPos2,Score
sp|P51532|SMARCA4,484,sp|O96019|ACTL6A,379,63
sp|Q8NFD5|ARID1B,1930,sp|Q92925|SMARCD2,480,62
sp|Q92925|SMARCD2,480,sp|Q68CP9|ARID2,275,54
sp|Q92925|SMARCD2,185,sp|Q8NFD5|ARID1B,2110,35
sp|Q92922|SMARCC1,948,sp|Q96GM5|SMARCD1,327,29
sp|O14497|ARID1A,2243,sp|O96019|ACTL6A,421,29
sp|Q92922|SMARCC1,925,sp|Q969G3|SMARCE1,258,27
sp|Q96GM5|SMARCD1,341,sp|Q92922|SMARCC1,948,26
sp|Q969G3|SMARCE1,146,sp|O14497|ARID1A,1662,25
sp|O14497|ARID1A,1880,sp|Q92922|SMARCC1,882,24
sp|Q562R1|ACTBL2,192,sp|O96019|ACTL6A,242,21
sp|P51531|SMARCA2,460,sp|O96019|ACTL6A,379,21
sp|O14497|ARID1A,2146,sp|Q92925|SMARCD2,168,17
sp|O96019|ACTL6A,379,sp|P51532|SMARCA4,487,17
sp|Q92922|SMARCC1,880,sp|Q969G3|SMARCE1,228,16
sp|O14497|ARID1A,2146,sp|Q6STE5|SMARCD3,131,16
sp|P60709|ACTB,191,sp|O96019|ACTL6A,242,13
sp|Q92922|SMARCC1,740,sp|Q969G3|SMARCE1,228,13
sp|Q6STE5|SMARCD3,148,sp|Q8NFD5|ARID1B,2110,13
sp|Q969G3|SMARCE1,258,sp|Q96GM5|SMARCD1,223,13
sp|O14497|ARID1A,1880,sp|Q92922|SMARCC1,740,13
sp|Q969G3|SMARCE1,240,sp|Q8TAQ2|SMARCC2,898,12
sp|Q969G3|SMARCE1,146,sp|O96019|ACTL6A,379,12
sp|Q8NFD5|ARID1B,2097,sp|Q6STE5|SMARCD3,131,12
sp|Q92922|SMARCC1,716,sp|Q8TAQ2|SMARCC2,694,12
sp|P60709|ACTB,68,sp|Q562R1|ACTBL2,51,12
sp|Q8NFD5|ARID1B,1930,sp|Q96GM5|SMARCD1,464,11
sp|Q96GM5|SMARCD1,101,sp|Q8NFD5|ARID1B,2110,11
sp|Q8TAQ2|SMARCC2,872,sp|Q969G3|SMARCE1,228,11
sp|O14497|ARID1A,1880,sp|Q92922|SMARCC1,716,11
sp|P60709|ACTB,291,sp|P51532|SMARCA4,876,11
sp|Q92785|DPF2,241,sp|Q8TAQ2|SMARCC2,773,10
sp|Q969G3|SMARCE1,240,sp|Q92922|SMARCC1,906,10
sp|Q8TAQ2|SMARCC2,702,sp|Q92922|SMARCC1,716,10
sp|P60709|ACTB,68,sp|Q562R1|ACTBL2,62,10
sp|P51532|SMARCA4,458,sp|Q8NFD5|ARID1B,2187,10
sp|O14497|ARID1A,1880,sp|Q8TAQ2|SMARCC2,718,10
sp|Q8NFD5|ARID1B,1930,sp|Q6STE5|SMARCD3,432,10
sp|Q96GM5|SMARCD1,101,sp|O14497|ARID1A,1662,10
sp|O96019|ACTL6A,421,sp|Q96GM5|SMARCD1,327,10
sp|Q92925|SMARCD2,480,sp|Q8TAQ2|SMARCC2,694,9
sp|Q96GM5|SMARCD1,124,sp|Q8NFD5|ARID1B,2110,9
sp|Q96GM5|SMARCD1,173,sp|Q8NFD5|ARID1B,2110,9
sp|P51532|SMARCA4,437,sp|Q8NFD5|ARID1B,1612,9
sp|P51532|SMARCA4,471,sp|Q12824|SMARCB1,45,9
sp|P60709|ACTB,315,sp|O96019|ACTL6A,238,9
sp|Q92925|SMARCD2,480,sp|Q92922|SMARCC1,716,8
sp|Q969G3|SMARCE1,240,sp|Q92922|SMARCC1,905,8
sp|Q96GM5|SMARCD1,101,sp|Q969G3|SMARCE1,240,8
sp|Q92785|DPF2,18,sp|O14497|ARID1A,1808,8
sp|P51532|SMARCA4,207,sp|Q86U86|PBRM1,1642,8
sp|Q96GM5|SMARCD1,101,sp|Q68CP9|ARID2,1760,8
sp|Q92925|SMARCD2,340,sp|Q92922|SMARCC1,948,8
sp|O14497|ARID1A,1862,sp|Q92922|SMARCC1,608,8
sp|Q8NFD5|ARID1B,2097,sp|Q92925|SMARCD2,168,8
sp|Q6STE5|SMARCD3,432,sp|Q68CP9|ARID2,275,8
sp|Q6STE5|SMARCD3,309,sp|Q92922|SMARCC1,948,8
sp|Q8NFD5|ARID1B,1930,sp|P51532|SMARCA4,437,7
sp|Q92925|SMARCD2,186,sp|Q8NFD5|ARID1B,2110,7
sp|Q92922|SMARCC1,588,sp|P51532|SMARCA4,405,7
sp|Q9NPI1|BRD7,344,sp|Q92922|SMARCC1,592,7
sp|P51532|SMARCA4,499,sp|Q4VC05|BCL7A,15,7
sp|P51531|SMARCA2,434,sp|Q8NFD5|ARID1B,2187,7
sp|O96019|ACTL6A,135,sp|Q96GM5|SMARCD1,327,7
sp|Q8TAQ2|SMARCC2,694,sp|Q6STE5|SMARCD3,417,7
sp|P51532|SMARCA4,437,sp|Q92925|SMARCD2,139,7
sp|O96019|ACTL6A,194,sp|Q92922|SMARCC1,948,7
sp|O14497|ARID1A,2146,sp|Q96GM5|SMARCD1,156,7
sp|Q92922|SMARCC1,639,sp|Q92925|SMARCD2,514,6
sp|O96019|ACTL6A,379,sp|P51531|SMARCA2,463,6
sp|Q969G3|SMARCE1,271,sp|O14497|ARID1A,1934,6
sp|Q96GM5|SMARCD1,101,sp|Q8NFD5|ARID1B,1616,6
sp|Q969G3|SMARCE1,166,sp|Q96GM5|SMARCD1,101,6
sp|O14497|ARID1A,1862,sp|Q8TAQ2|SMARCC2,584,6
sp|Q92922|SMARCC1,891,sp|Q969G3|SMARCE1,228,6
sp|Q96GM5|SMARCD1,464,sp|Q68CP9|ARID2,275,6
sp|Q96GM5|SMARCD1,101,sp|O14497|ARID1A,1654,6
sp|Q9NPI1|BRD7,389,sp|P51532|SMARCA4,437,6
sp|Q92785|DPF2,99,sp|P51532|SMARCA4,405,6
sp|Q969G3|SMARCE1,166,sp|P51532|SMARCA4,455,6
sp|Q92922|SMARCC1,740,sp|Q8TAQ2|SMARCC2,846,6
sp|Q969G3|SMARCE1,146,sp|Q8NFD5|ARID1B,1616,6
sp|Q8TAQ2|SMARCC2,940,sp|Q96GM5|SMARCD1,327,6
sp|Q92925|SMARCD2,143,sp|Q92922|SMARCC1,910,6
sp|O96019|ACTL6A,379,sp|P51532|SMARCA4,835,5
sp|P51532|SMARCA4,876,sp|Q9BQE9|BCL7B,15,5
sp|Q96GM5|SMARCD1,101,sp|O14497|ARID1A,1230,5
sp|Q96GM5|SMARCD1,125,sp|Q8NFD5|ARID1B,2110,5
sp|Q969G3|SMARCE1,228,sp|Q8TAQ2|SMARCC2,718,5
sp|O14497|ARID1A,1880,sp|Q8TAQ2|SMARCC2,584,5
sp|Q8TAQ2|SMARCC2,694,sp|Q86U86|PBRM1,1642,5
sp|Q92922|SMARCC1,948,sp|Q12824|SMARCB1,364,5
sp|P51532|SMARCA4,437,sp|Q96GM5|SMARCD1,124,5
sp|O14497|ARID1A,1905,sp|Q92922|SMARCC1,882,5
sp|Q92922|SMARCC1,910,sp|Q969G3|SMARCE1,255,5
sp|Q96GM5|SMARCD1,101,sp|P51532|SMARCA4,357,5
sp|P51532|SMARCA4,876,sp|Q4VC05|BCL7A,15,5
sp|P51532|SMARCA4,496,sp|Q4VC05|BCL7A,15,5
sp|O96019|ACTL6A,194,sp|Q8TAQ2|SMARCC2,940,5
sp|O14497|ARID1A,1880,sp|Q8TAQ2|SMARCC2,694,5
sp|O14497|ARID1A,1953,sp|Q6STE5|SMARCD3,131,5
sp|Q92922|SMARCC1,716,sp|Q68CP9|ARID2,275,4
sp|Q92922|SMARCC1,292,sp|P51532|SMARCA4,1518,4
sp|Q68CP9|ARID2,1781,sp|Q8WUB8|PHF10,487,4
sp|Q92925|SMARCD2,185,sp|O14497|ARID1A,2159,4
sp|Q562R1|ACTBL2,329,sp|P51532|SMARCA4,524,4
sp|P51532|SMARCA4,94,sp|Q8NFD5|ARID1B,2110,4
sp|P51532|SMARCA4,835,sp|Q8WUB8|PHF10,106,4
sp|O14497|ARID1A,1862,sp|Q92922|SMARCC1,615,4
sp|O14497|ARID1A,1938,sp|Q68CP9|ARID2,1298,4
sp|Q8WUB8|PHF10,106,sp|Q12824|SMARCB1,124,4
sp|P51532|SMARCA4,1237,sp|O96019|ACTL6A,371,4
sp|Q969G3|SMARCE1,146,sp|Q8NFD5|ARID1B,1612,4
sp|Q96GM5|SMARCD1,101,sp|Q8NFD5|ARID1B,1608,4
sp|Q8NFD5|ARID1B,1904,sp|Q6STE5|SMARCD3,131,4
sp|Q562R1|ACTBL2,192,sp|O96019|ACTL6A,240,4
sp|Q8TAQ2|SMARCC2,828,sp|O96019|ACTL6A,379,4
sp|Q8NFD5|ARID1B,2097,sp|Q96GM5|SMARCD1,156,4
sp|Q8NFD5|ARID1B,1904,sp|Q92925|SMARCD2,168,4
sp|Q8NFD5|ARID1B,1984,sp|Q92922|SMARCC1,882,4
sp|Q92922|SMARCC1,925,sp|Q92925|SMARCD2,186,4
sp|O14497|ARID1A,1862,sp|Q92922|SMARCC1,609,4
sp|Q9NPI1|BRD7,392,sp|P51532|SMARCA4,437,4
sp|Q92922|SMARCC1,739,sp|Q969G3|SMARCE1,228,4
sp|Q12824|SMARCB1,108,sp|Q9BQE9|BCL7B,34,4
sp|P51532|SMARCA4,517,sp|Q562R1|ACTBL2,329,4
sp|Q969G3|SMARCE1,284,sp|Q92922|SMARCC1,948,3
sp|Q969G3|SMARCE1,166,sp|Q8NFD5|ARID1B,2187,3
sp|P60709|ACTB,326,sp|Q562R1|ACTBL2,292,3
sp|Q12824|SMARCB1,324,sp|Q4VC05|BCL7A,15,3
sp|Q92785|DPF2,318,sp|P51531|SMARCA2,1505,3
sp|Q92785|DPF2,130,sp|Q92922|SMARCC1,317,3
sp|P51532|SMARCA4,835,sp|Q12824|SMARCB1,124,3
sp|Q969G3|SMARCE1,92,sp|O96019|ACTL6A,379,3
sp|P51532|SMARCA4,496,sp|Q9BQE9|BCL7B,15,3
sp|Q969G3|SMARCE1,146,sp|Q8NFD5|ARID1B,2110,3
sp|Q8WUZ0|BCL7C,47,sp|Q12824|SMARCB1,124,3
sp|P51531|SMARCA2,413,sp|Q8NFD5|ARID1B,1612,3
sp|Q6STE5|SMARCD3,309,sp|Q8TAQ2|SMARCC2,940,3
sp|P51532|SMARCA4,348,sp|Q8TAQ2|SMARCC2,704,3
sp|Q8WUZ0|BCL7C,15,sp|P51532|SMARCA4,499,3
sp|Q96GM5|SMARCD1,101,sp|P51532|SMARCA4,455,3
sp|Q8NFD5|ARID1B,1781,sp|Q8TAQ2|SMARCC2,592,3
sp|Q92925|SMARCD2,143,sp|Q8NFD5|ARID1B,2110,3
sp|Q96GM5|SMARCD1,223,sp|Q969G3|SMARCE1,255,3
sp|O14497|ARID1A,1938,sp|Q92925|SMARCD2,168,3
sp|O96019|ACTL6A,135,sp|Q92922|SMARCC1,948,3
sp|P51532|SMARCA4,399,sp|Q92922|SMARCC1,609,3
sp|O14497|ARID1A,1662,sp|Q92785|DPF2,130,3
sp|O14497|ARID1A,1880,sp|Q8TAQ2|SMARCC2,592,3
sp|O14497|ARID1A,1905,sp|Q12824|SMARCB1,13,3
sp|Q86U86|PBRM1,317,sp|Q8WUB8|PHF10,487,3
sp|P51532|SMARCA4,835,sp|Q4VC05|BCL7A,15,3
sp|Q8NFD5|ARID1B,392,sp|Q92922|SMARCC1,428,3
sp|Q8TAQ2|SMARCC2,704,sp|Q92922|SMARCC1,716,3
sp|Q92785|DPF2,59,sp|Q92922|SMARCC1,480,3
sp|Q96GM5|SMARCD1,101,sp|Q92922|SMARCC1,740,3
sp|Q8WUZ0|BCL7C,20,sp|Q12824|SMARCB1,124,3
sp|Q92922|SMARCC1,716,sp|Q8TAQ2|SMARCC2,848,3
sp|O14497|ARID1A,250,sp|O96019|ACTL6A,371,3
sp|P51532|SMARCA4,399,sp|Q92922|SMARCC1,615,3
sp|Q92922|SMARCC1,480,sp|Q8WUZ0|BCL7C,20,3
sp|Q92922|SMARCC1,716,sp|Q86U86|PBRM1,1642,3
sp|Q96GM5|SMARCD1,296,sp|P51531|SMARCA2,381,3
sp|Q86U86|PBRM1,471,sp|Q8WUB8|PHF10,487,3
sp|P51532|SMARCA4,461,sp|Q8NFD5|ARID1B,2187,3
sp|O14497|ARID1A,1979,sp|Q92925|SMARCD2,480,3
sp|Q8WUB8|PHF10,239,sp|Q68CP9|ARID2,43,3
sp|Q12824|SMARCB1,124,sp|P51532|SMARCA4,499,3
sp|Q92922|SMARCC1,201,sp|Q92785|DPF2,130,3
sp|Q8NFD5|ARID1B,1360,sp|Q96GM5|SMARCD1,101,3
sp|P51532|SMARCA4,835,sp|Q9BQE9|BCL7B,30,2
sp|Q8NFD5|ARID1B,1824,sp|Q92922|SMARCC1,608,2
sp|Q96GM5|SMARCD1,101,sp|Q92785|DPF2,130,2
sp|Q969G3|SMARCE1,228,sp|Q8TAQ2|SMARCC2,846,2
sp|P51532|SMARCA4,1518,sp|Q92922|SMARCC1,317,2
sp|Q92922|SMARCC1,740,sp|Q8TAQ2|SMARCC2,848,2
sp|Q9NPI1|BRD7,230,sp|Q92922|SMARCC1,317,2
sp|Q92922|SMARCC1,740,sp|Q8TAQ2|SMARCC2,585,2
sp|Q969G3|SMARCE1,166,sp|P51532|SMARCA4,458,2
sp|Q8TAQ2|SMARCC2,318,sp|Q9NPI1|BRD7,67,2
sp|O14497|ARID1A,1938,sp|Q969G3|SMARCE1,228,2
sp|Q92922|SMARCC1,882,sp|Q8NFD5|ARID1B,1843,2
sp|P51532|SMARCA4,399,sp|Q92922|SMARCC1,608,2
sp|Q4VC05|BCL7A,15,sp|P51531|SMARCA2,472,2
sp|O14497|ARID1A,1880,sp|Q92922|SMARCC1,615,2
sp|O96019|ACTL6A,379,sp|Q92785|DPF2,130,2
sp|Q92922|SMARCC1,590,sp|P51532|SMARCA4,188,2
sp|Q92922|SMARCC1,716,sp|Q8TAQ2|SMARCC2,592,2
sp|P51532|SMARCA4,357,sp|Q92922|SMARCC1,740,2
sp|Q92922|SMARCC1,199,sp|O14497|ARID1A,1047,2
sp|Q92922|SMARCC1,905,sp|Q8NFD5|ARID1B,1904,2
sp|Q92785|DPF2,285,sp|P51532|SMARCA4,1610,2
sp|O14497|ARID1A,1953,sp|Q92925|SMARCD2,168,2
sp|P51532|SMARCA4,207,sp|O14497|ARID1A,1047,2
sp|Q969G3|SMARCE1,166,sp|O14497|ARID1A,1662,2
sp|Q15532|SS18,13,sp|P51532|SMARCA4,94,2
sp|Q92922|SMARCC1,716,sp|Q96GM5|SMARCD1,498,2
sp|P51532|SMARCA4,1414,sp|O96019|ACTL6A,379,2
sp|Q92922|SMARCC1,905,sp|Q6STE5|SMARCD3,131,2
sp|Q8WUB8|PHF10,106,sp|Q12824|SMARCB1,45,2
sp|Q68CP9|ARID2,1298,sp|Q92922|SMARCC1,780,2
sp|O14497|ARID1A,250,sp|Q96GM5|SMARCD1,101,2
sp|Q8TAQ2|SMARCC2,828,sp|Q86U86|PBRM1,918,2
sp|Q8TAQ2|SMARCC2,568,sp|P51532|SMARCA4,405,2
sp|P60709|ACTB,191,sp|O96019|ACTL6A,240,2
sp|Q12824|SMARCB1,324,sp|Q92785|DPF2,108,2
sp|O96019|ACTL6A,379,sp|Q8NFD5|ARID1B,2187,2
sp|Q92922|SMARCC1,882,sp|Q969G3|SMARCE1,228,2
sp|Q9NPI1|BRD7,497,sp|Q969G3|SMARCE1,228,2
sp|Q8TAQ2|SMARCC2,694,sp|Q92922|SMARCC1,740,2
sp|Q86U86|PBRM1,1642,sp|Q68CP9|ARID2,581,2
sp|O14497|ARID1A,1230,sp|O96019|ACTL6A,371,2
sp|O96019|ACTL6A,371,sp|Q12824|SMARCB1,124,2
sp|Q8TAQ2|SMARCC2,590,sp|P51531|SMARCA2,1354,2
sp|Q6STE5|SMARCD3,106,sp|Q8NFD5|ARID1B,2110,2
sp|Q92922|SMARCC1,590,sp|P51532|SMARCA4,405,2
sp|Q562R1|ACTBL2,329,sp|P51531|SMARCA2,493,2
sp|Q92785|DPF2,107,sp|P51532|SMARCA4,405,2
sp|Q9BQE9|BCL7B,27,sp|Q12824|SMARCB1,124,2
sp|Q8NFD5|ARID1B,1930,sp|P51532|SMARCA4,440,2
sp|P51532|SMARCA4,399,sp|Q8TAQ2|SMARCC2,584,2
sp|Q8NFD5|ARID1B,1360,sp|O96019|ACTL6A,371,2
sp|O14497|ARID1A,1938,sp|Q6STE5|SMARCD3,131,2
sp|Q92922|SMARCC1,740,sp|Q12824|SMARCB1,45,2
sp|O14497|ARID1A,2159,sp|Q96GM5|SMARCD1,127,2
sp|P51532|SMARCA4,1492,sp|O96019|ACTL6A,371,2
sp|P51532|SMARCA4,688,sp|Q92784|DPF3,130,2
sp|Q96GM5|SMARCD1,101,sp|P51532|SMARCA4,94,2
sp|O14497|ARID1A,1238,sp|Q96GM5|SMARCD1,101,2
sp|P51532|SMARCA4,524,sp|P60709|ACTB,328,2
sp|P51532|SMARCA4,437,sp|Q8TAQ2|SMARCC2,2,2
sp|Q8TAQ2|SMARCC2,312,sp|O96019|ACTL6A,242,2
sp|Q15532|SS18,13,sp|Q8NFD5|ARID1B,2110,2
sp|Q8NFD5|ARID1B,1372,sp|Q92922|SMARCC1,740,2
sp|Q92922|SMARCC1,199,sp|Q92785|DPF2,130,2
sp|Q92925|SMARCD2,139,sp|Q8NFD5|ARID1B,2110,2
sp|Q8NFD5|ARID1B,1898,sp|Q6STE5|SMARCD3,131,2
sp|O96019|ACTL6A,135,sp|Q12824|SMARCB1,45,2
sp|Q96GM5|SMARCD1,273,sp|Q15532|SS18,13,2
sp|Q9NPI1|BRD7,497,sp|Q8TAQ2|SMARCC2,718,2
sp|Q92922|SMARCC1,590,sp|P51531|SMARCA2,1003,2
sp|Q96GM5|SMARCD1,101,sp|Q92922|SMARCC1,608,2
sp|Q4VC05|BCL7A,15,sp|P51531|SMARCA2,475,2
sp|P51532|SMARCA4,516,sp|Q562R1|ACTBL2,329,2
sp|Q12824|SMARCB1,106,sp|Q9BQE9|BCL7B,34,2
sp|Q92922|SMARCC1,882,sp|Q8NFD5|ARID1B,2110,2
sp|Q12824|SMARCB1,71,sp|O96019|ACTL6A,238,2
sp|P51532|SMARCA4,626,sp|Q92922|SMARCC1,317,2
sp|Q9BQE9|BCL7B,15,sp|P51532|SMARCA4,499,2
sp|O14497|ARID1A,1201,sp|Q96GM5|SMARCD1,101,2
sp|O14497|ARID1A,1862,sp|Q8TAQ2|SMARCC2,585,2
sp|P51532|SMARCA4,516,sp|P60709|ACTB,328,2
sp|Q12824|SMARCB1,16,sp|O96019|ACTL6A,62,2
sp|O14497|ARID1A,1905,sp|Q969G3|SMARCE1,228,2
sp|O14497|ARID1A,1905,sp|Q8TAQ2|SMARCC2,718,2
sp|Q96GM5|SMARCD1,101,sp|Q92922|SMARCC1,317,2
sp|Q8TAQ2|SMARCC2,592,sp|P51531|SMARCA2,1354,2
sp|P51532|SMARCA4,499,sp|Q562R1|ACTBL2,374,2
sp|O14497|ARID1A,1953,sp|Q96GM5|SMARCD1,156,2
sp|Q8NFD5|ARID1B,1904,sp|Q9BQE9|BCL7B,27,2
sp|P51531|SMARCA2,413,sp|Q92925|SMARCD2,139,2
sp|Q969G3|SMARCE1,146,sp|O96019|ACTL6A,371,2
sp|O14497|ARID1A,1862,sp|Q8TAQ2|SMARCC2,592,2
sp|Q92922|SMARCC1,910,sp|Q8NFD5|ARID1B,2110,2
sp|Q562R1|ACTBL2,327,sp|P51532|SMARCA4,516,2
sp|Q92922|SMARCC1,326,sp|Q969G3|SMARCE1,305,2
sp|O96019|ACTL6A,379,sp|Q12824|SMARCB1,124,2
sp|Q8NFD5|ARID1B,1898,sp|Q92925|SMARCD2,168,2
sp|Q96GM5|SMARCD1,498,sp|Q92922|SMARCC1,740,2
sp|Q92922|SMARCC1,199,sp|Q92785|DPF2,188,2
sp|Q86U86|PBRM1,135,sp|Q8WUB8|PHF10,120,2
sp|Q8WUB8|PHF10,168,sp|Q12824|SMARCB1,45,2
sp|Q92922|SMARCC1,716,sp|Q6STE5|SMARCD3,417,2
sp|Q92922|SMARCC1,639,sp|P51532|SMARCA4,405,2
sp|Q12824|SMARCB1,324,sp|P60709|ACTB,328,2
sp|Q92922|SMARCC1,608,sp|Q8NFD5|ARID1B,1792,2
sp|Q12824|SMARCB1,124,sp|Q9BQE9|BCL7B,15,2
sp|Q4VC05|BCL7A,19,sp|P51532|SMARCA4,499,2
sp|Q12824|SMARCB1,126,sp|Q4VC05|BCL7A,15,2
sp|Q86U86|PBRM1,1642,sp|Q92922|SMARCC1,740,2
sp|P51532|SMARCA4,1131,sp|Q86U86|PBRM1,516,2
sp|Q96GM5|SMARCD1,101,sp|Q15532|SS18,13,2
sp|Q92922|SMARCC1,317,sp|Q8NFD5|ARID1B,2110,2
sp|Q92922|SMARCC1,740,sp|Q92785|DPF2,188,1
sp|Q92785|DPF2,108,sp|Q92784|DPF3,108,1
sp|Q92922|SMARCC1,716,sp|Q8TAQ2|SMARCC2,846,1
sp|Q8NFD5|ARID1B,1372,sp|Q15532|SS18,13,1
sp|Q96GM5|SMARCD1,101,sp|P51532|SMARCA4,207,1
sp|Q92785|DPF2,285,sp|Q12824|SMARCB1,364,1
sp|Q86U86|PBRM1,1239,sp|P51532|SMARCA4,1408,1
sp|Q15532|SS18,13,sp|Q92922|SMARCC1,740,1
sp|Q86U86|PBRM1,1656,sp|O96019|ACTL6A,379,1
sp|O14497|ARID1A,1654,sp|Q969G3|SMARCE1,146,1
sp|P51532|SMARCA4,94,sp|O14497|ARID1A,1047,1
sp|Q68CP9|ARID2,1355,sp|Q969G3|SMARCE1,298,1
sp|O96019|ACTL6A,135,sp|Q8NFD5|ARID1B,1566,1
sp|Q4VC05|BCL7A,47,sp|Q12824|SMARCB1,124,1
sp|P51531|SMARCA2,492,sp|Q562R1|ACTBL2,329,1
sp|O96019|ACTL6A,60,sp|Q562R1|ACTBL2,192,1
sp|O14497|ARID1A,2159,sp|Q92925|SMARCD2,143,1
sp|Q8TAQ2|SMARCC2,704,sp|Q92925|SMARCD2,514,1
sp|O14497|ARID1A,1830,sp|Q92922|SMARCC1,615,1
sp|Q969G3|SMARCE1,79,sp|Q8NFD5|ARID1B,2110,1
sp|P51532|SMARCA4,1122,sp|Q12824|SMARCB1,124,1
sp|O14497|ARID1A,1662,sp|Q92922|SMARCC1,925,1
sp|O14497|ARID1A,1862,sp|Q8TAQ2|SMARCC2,795,1
sp|Q68CP9|ARID2,1712,sp|Q92925|SMARCD2,139,1
sp|Q969G3|SMARCE1,240,sp|Q92922|SMARCC1,910,1
sp|P51532|SMARCA4,835,sp|Q92922|SMARCC1,317,1
sp|O96019|ACTL6A,379,sp|Q969G3|SMARCE1,305,1
sp|O96019|ACTL6A,379,sp|Q92922|SMARCC1,199,1
sp|Q8TAQ2|SMARCC2,724,sp|Q969G3|SMARCE1,228,1
sp|Q92922|SMARCC1,592,sp|P51532|SMARCA4,405,1
sp|Q92922|SMARCC1,615,sp|Q96GM5|SMARCD1,353,1
sp|Q969G3|SMARCE1,85,sp|Q92785|DPF2,130,1
sp|P51531|SMARCA2,478,sp|Q92785|DPF2,216,1
sp|O96019|ACTL6A,89,sp|P51532|SMARCA4,1140,1
sp|Q12824|SMARCB1,124,sp|P51532|SMARCA4,1408,1
sp|Q92925|SMARCD2,514,sp|Q12824|SMARCB1,45,1
sp|Q68CP9|ARID2,90,sp|Q12824|SMARCB1,364,1
sp|Q92925|SMARCD2,168,sp|Q12824|SMARCB1,70,1
sp|P51532|SMARCA4,471,sp|Q8TAQ2|SMARCC2,314,1
sp|Q86U86|PBRM1,930,sp|Q92922|SMARCC1,592,1
sp|Q92925|SMARCD2,514,sp|Q92922|SMARCC1,346,1
sp|O14497|ARID1A,1962,sp|P51532|SMARCA4,437,1
sp|P51532|SMARCA4,1386,sp|Q86U86|PBRM1,930,1
sp|O14497|ARID1A,2159,sp|Q96GM5|SMARCD1,124,1
sp|Q92922|SMARCC1,199,sp|P51532|SMARCA4,524,1
sp|Q8NFD5|ARID1B,1046,sp|Q96GM5|SMARCD1,173,1
sp|P51532|SMARCA4,1131,sp|Q12824|SMARCB1,364,1
sp|Q969G3|SMARCE1,166,sp|Q8NFD5|ARID1B,1558,1
sp|P51532|SMARCA4,357,sp|Q6STE5|SMARCD3,102,1
sp|Q92785|DPF2,207,sp|Q8TAQ2|SMARCC2,724,1
sp|Q9BQE9|BCL7B,27,sp|P51532|SMARCA4,1610,1
sp|P60709|ACTB,315,sp|O96019|ACTL6A,242,1
sp|Q8TAQ2|SMARCC2,872,sp|Q92922|SMARCC1,716,1
sp|Q8NFD5|ARID1B,2187,sp|Q12824|SMARCB1,124,1
sp|Q92922|SMARCC1,199,sp|Q8TAQ2|SMARCC2,364,1
sp|O96019|ACTL6A,226,sp|P51532|SMARCA4,1365,1
sp|O96019|ACTL6A,60,sp|Q8NFD5|ARID1B,1996,1
sp|Q8TAQ2|SMARCC2,584,sp|Q92922|SMARCC1,740,1
sp|Q9NPI1|BRD7,344,sp|Q92922|SMARCC1,609,1
sp|Q6STE5|SMARCD3,264,sp|Q92785|DPF2,108,1
sp|P51531|SMARCA2,431,sp|Q6STE5|SMARCD3,1,1
sp|P51532|SMARCA4,207,sp|Q8NFD5|ARID1B,1372,1
sp|O14497|ARID1A,1615,sp|Q92785|DPF2,188,1
sp|Q8NFD5|ARID1B,1372,sp|Q92925|SMARCD2,143,1
sp|P60709|ACTB,84,sp|Q68CP9|ARID2,15,1
sp|P60709|ACTB,50,sp|Q4VC05|BCL7A,67,1
sp|O96019|ACTL6A,379,sp|Q92922|SMARCC1,893,1
sp|Q12824|SMARCB1,364,sp|Q92785|DPF2,130,1
sp|O14497|ARID1A,1934,sp|P51532|SMARCA4,876,1
sp|Q8WUB8|PHF10,168,sp|Q12824|SMARCB1,124,1
sp|Q96GM5|SMARCD1,101,sp|P51532|SMARCA4,1414,1
sp|Q92922|SMARCC1,948,sp|Q92785|DPF2,186,1
sp|P51531|SMARCA2,375,sp|Q92922|SMARCC1,740,1
sp|P60709|ACTB,50,sp|P51532|SMARCA4,876,1
sp|Q8TAQ2|SMARCC2,694,sp|O96019|ACTL6A,242,1
sp|O96019|ACTL6A,413,sp|O14497|ARID1A,1804,1
sp|P51532|SMARCA4,876,sp|P60709|ACTB,326,1
sp|Q92922|SMARCC1,740,sp|Q8TAQ2|SMARCC2,718,1
sp|Q9BQE9|BCL7B,19,sp|P51532|SMARCA4,499,1
sp|Q8WUZ0|BCL7C,15,sp|P51531|SMARCA2,475,1
sp|O14497|ARID1A,2243,sp|P51532|SMARCA4,461,1
sp|P51532|SMARCA4,1375,sp|Q92922|SMARCC1,317,1
sp|P51532|SMARCA4,484,sp|Q8WUZ0|BCL7C,2,1
sp|Q92785|DPF2,207,sp|P51531|SMARCA2,1505,1
sp|Q4VC05|BCL7A,15,sp|Q12824|SMARCB1,45,1
sp|P51532|SMARCA4,437,sp|Q92922|SMARCC1,925,1
sp|Q92922|SMARCC1,739,sp|Q8NFD5|ARID1B,1792,1
sp|P51531|SMARCA2,437,sp|Q8WUB8|PHF10,487,1
sp|Q96GM5|SMARCD1,101,sp|Q68CP9|ARID2,569,1
sp|P51532|SMARCA4,399,sp|Q92922|SMARCC1,740,1
sp|O96019|ACTL6A,371,sp|Q92922|SMARCC1,317,1
sp|P51532|SMARCA4,835,sp|Q9BQE9|BCL7B,15,1
sp|O14497|ARID1A,1962,sp|Q96GM5|SMARCD1,156,1
sp|Q92922|SMARCC1,588,sp|P51531|SMARCA2,1365,1
sp|Q92785|DPF2,285,sp|O96019|ACTL6A,242,1
sp|P51532|SMARCA4,997,sp|Q96GM5|SMARCD1,181,1
sp|Q92925|SMARCD2,402,sp|P51532|SMARCA4,545,1
sp|Q6STE5|SMARCD3,131,sp|Q92785|DPF2,186,1
sp|P51532|SMARCA4,1414,sp|Q92922|SMARCC1,740,1
sp|Q92785|DPF2,261,sp|P51532|SMARCA4,1492,1
sp|O96019|ACTL6A,379,sp|Q92922|SMARCC1,317,1
sp|P51532|SMARCA4,835,sp|Q4VC05|BCL7A,67,1
sp|P51532|SMARCA4,1349,sp|Q92922|SMARCC1,592,1
sp|Q92785|DPF2,108,sp|O14497|ARID1A,1662,1
sp|Q8TAQ2|SMARCC2,724,sp|Q92922|SMARCC1,854,1
sp|P51531|SMARCA2,805,sp|Q4VC05|BCL7A,19,1
sp|Q92785|DPF2,318,sp|Q969G3|SMARCE1,284,1
sp|P51532|SMARCA4,455,sp|Q9BQE9|BCL7B,27,1
sp|P51532|SMARCA4,207,sp|Q8TAQ2|SMARCC2,2,1
sp|Q12824|SMARCB1,124,sp|Q4VC05|BCL7A,15,1
sp|Q8WUZ0|BCL7C,33,sp|O96019|ACTL6A,303,1
sp|Q92785|DPF2,318,sp|P51532|SMARCA4,487,1
sp|Q8WUB8|PHF10,106,sp|Q12824|SMARCB1,126,1
sp|P51532|SMARCA4,207,sp|Q8NFD5|ARID1B,2110,1
sp|Q96GM5|SMARCD1,173,sp|O14497|ARID1A,2159,1
sp|Q8TAQ2|SMARCC2,704,sp|Q92922|SMARCC1,615,1
sp|O14497|ARID1A,1962,sp|Q6STE5|SMARCD3,417,1
sp|Q92922|SMARCC1,740,sp|P51532|SMARCA4,1518,1
sp|P51532|SMARCA4,1029,sp|Q8NFD5|ARID1B,1083,1
sp|P60709|ACTB,291,sp|Q8TAQ2|SMARCC2,453,1
sp|Q96GM5|SMARCD1,101,sp|Q8TAQ2|SMARCC2,718,1
sp|P51532|SMARCA4,1414,sp|O96019|ACTL6A,371,1
sp|Q92925|SMARCD2,451,sp|Q68CP9|ARID2,275,1
sp|Q92922|SMARCC1,127,sp|Q8TAQ2|SMARCC2,292,1
sp|Q86U86|PBRM1,930,sp|P51532|SMARCA4,1227,1
sp|P60709|ACTB,50,sp|Q4VC05|BCL7A,15,1
sp|Q92785|DPF2,107,sp|Q969G3|SMARCE1,258,1
sp|Q92785|DPF2,207,sp|P51531|SMARCA2,1540,1
sp|Q92922|SMARCC1,948,sp|Q92925|SMARCD2,193,1
sp|Q8WUB8|PHF10,239,sp|Q12824|SMARCB1,292,1
sp|O14497|ARID1A,1880,sp|Q92922|SMARCC1,608,1
sp|Q8TAQ2|SMARCC2,6,sp|Q92785|DPF2,188,1
sp|Q92785|DPF2,178,sp|P51532|SMARCA4,1492,1
sp|P51531|SMARCA2,862,sp|Q4VC05|BCL7A,1,1
sp|O14497|ARID1A,1880,sp|Q12824|SMARCB1,13,1
sp|P51531|SMARCA2,95,sp|O96019|ACTL6A,371,1
sp|Q969G3|SMARCE1,166,sp|Q8NFD5|ARID1B,1616,1
sp|P51532|SMARCA4,471,sp|Q8WUB8|PHF10,487,1
sp|Q92922|SMARCC1,199,sp|P51532|SMARCA4,1610,1
sp|Q92922|SMARCC1,882,sp|Q8NFD5|ARID1B,1844,1
sp|Q92922|SMARCC1,882,sp|O14497|ARID1A,1934,1
sp|Q8TAQ2|SMARCC2,275,sp|Q92922|SMARCC1,317,1
sp|P51532|SMARCA4,496,sp|Q12824|SMARCB1,124,1
sp|Q8WUB8|PHF10,249,sp|Q92922|SMARCC1,716,1
sp|Q92785|DPF2,107,sp|Q92784|DPF3,108,1
sp|Q92922|SMARCC1,716,sp|P51532|SMARCA4,357,1
sp|P51532|SMARCA4,1414,sp|Q92785|DPF2,130,1
sp|O14497|ARID1A,1862,sp|Q92922|SMARCC1,740,1
sp|Q8TAQ2|SMARCC2,704,sp|Q9BQE9|BCL7B,34,1
sp|Q92922|SMARCC1,199,sp|P51532|SMARCA4,835,1
sp|Q8WUB8|PHF10,168,sp|Q92922|SMARCC1,317,1
sp|Q92785|DPF2,99,sp|Q969G3|SMARCE1,79,1
sp|Q562R1|ACTBL2,51,sp|Q4VC05|BCL7A,15,1
sp|P51532|SMARCA4,471,sp|Q12824|SMARCB1,124,1
sp|Q92922|SMARCC1,588,sp|Q8TAQ2|SMARCC2,566,1
sp|Q969G3|SMARCE1,146,sp|Q92925|SMARCD2,514,1
sp|Q68CP9|ARID2,119,sp|Q12824|SMARCB1,199,1
sp|P51532|SMARCA4,1414,sp|Q9BQE9|BCL7B,15,1
sp|P51532|SMARCA4,835,sp|Q4VC05|BCL7A,65,1
sp|Q86U86|PBRM1,1434,sp|Q8WUB8|PHF10,487,1
sp|Q8TAQ2|SMARCC2,836,sp|Q86U86|PBRM1,909,1
sp|Q92925|SMARCD2,514,sp|Q92922|SMARCC1,882,1
sp|P51532|SMARCA4,1492,sp|Q92922|SMARCC1,199,1
sp|Q8TAQ2|SMARCC2,872,sp|Q8WUZ0|BCL7C,1,1
sp|P51532|SMARCA4,455,sp|Q8WUZ0|BCL7C,27,1
sp|P51532|SMARCA4,496,sp|Q8WUZ0|BCL7C,15,1
sp|P51531|SMARCA2,493,sp|O96019|ACTL6A,242,1
sp|Q6STE5|SMARCD3,106,sp|Q92922|SMARCC1,910,1
sp|Q8NFD5|ARID1B,2110,sp|Q96GM5|SMARCD1,127,1
sp|P51532|SMARCA4,835,sp|Q9BQE9|BCL7B,19,1
sp|O14497|ARID1A,1201,sp|Q15532|SS18,13,1
sp|Q9NPI1|BRD7,344,sp|Q92922|SMARCC1,590,1
sp|O96019|ACTL6A,379,sp|Q92785|DPF2,188,1
sp|Q8TAQ2|SMARCC2,704,sp|Q86U86|PBRM1,1642,1
sp|Q92922|SMARCC1,65,sp|Q9NPI1|BRD7,392,1
sp|P51532|SMARCA4,689,sp|P60709|ACTB,328,1
sp|Q68CP9|ARID2,1701,sp|P51531|SMARCA2,984,1
sp|P60709|ACTB,113,sp|Q8WUZ0|BCL7C,47,1
sp|Q92925|SMARCD2,514,sp|Q8TAQ2|SMARCC2,718,1
sp|P51531|SMARCA2,381,sp|Q92785|DPF2,130,1
sp|Q92922|SMARCC1,199,sp|Q4VC05|BCL7A,19,1
sp|P60709|ACTB,315,sp|O96019|ACTL6A,427,1
sp|Q92922|SMARCC1,199,sp|Q4VC05|BCL7A,15,1
sp|Q92785|DPF2,108,sp|P51531|SMARCA2,1505,1
sp|Q92925|SMARCD2,186,sp|O14497|ARID1A,2159,1
sp|Q969G3|SMARCE1,240,sp|Q8NFD5|ARID1B,1372,1
sp|Q92922|SMARCC1,201,sp|O96019|ACTL6A,379,1
sp|O96019|ACTL6A,379,sp|Q12824|SMARCB1,45,1
sp|Q92785|DPF2,108,sp|Q969G3|SMARCE1,79,1
sp|Q86U86|PBRM1,1642,sp|Q8WUB8|PHF10,487,1
sp|Q969G3|SMARCE1,240,sp|O96019|ACTL6A,379,1
sp|P51532|SMARCA4,876,sp|Q562R1|ACTBL2,329,1
sp|Q969G3|SMARCE1,240,sp|P51532|SMARCA4,461,1
sp|Q96GM5|SMARCD1,101,sp|Q8TAQ2|SMARCC2,874,1
sp|Q92922|SMARCC1,199,sp|O96019|ACTL6A,371,1
sp|O14497|ARID1A,1732,sp|Q92922|SMARCC1,65,1
sp|P51532|SMARCA4,405,sp|Q92922|SMARCC1,317,1
sp|Q8TAQ2|SMARCC2,940,sp|Q969G3|SMARCE1,277,1
sp|P51532|SMARCA4,689,sp|Q562R1|ACTBL2,329,1
sp|O14497|ARID1A,1938,sp|Q969G3|SMARCE1,271,1
sp|P51532|SMARCA4,207,sp|Q8TAQ2|SMARCC2,694,1
sp|Q8TAQ2|SMARCC2,79,sp|Q8NFD5|ARID1B,2110,1
sp|O14497|ARID1A,1047,sp|Q12824|SMARCB1,45,1
sp|P51532|SMARCA4,1492,sp|O96019|ACTL6A,379,1
sp|P60709|ACTB,50,sp|P51532|SMARCA4,892,1
sp|P51532|SMARCA4,1492,sp|Q92785|DPF2,130,1
sp|Q969G3|SMARCE1,98,sp|Q8TAQ2|SMARCC2,36,1
sp|Q68CP9|ARID2,581,sp|Q8WUB8|PHF10,487,1
sp|Q92922|SMARCC1,199,sp|P51532|SMARCA4,499,1
sp|Q92922|SMARCC1,199,sp|Q12824|SMARCB1,45,1
sp|Q92785|DPF2,186,sp|Q8TAQ2|SMARCC2,297,1
sp|Q92785|DPF2,130,sp|Q92922|SMARCC1,740,1
sp|P60709|ACTB,113,sp|Q4VC05|BCL7A,47,1
sp|Q8NFD5|ARID1B,928,sp|O96019|ACTL6A,371,1
sp|O14497|ARID1A,2159,sp|Q15532|SS18,13,1
sp|Q96GM5|SMARCD1,464,sp|Q92922|SMARCC1,716,1
sp|Q6STE5|SMARCD3,241,sp|Q92922|SMARCC1,317,1
sp|Q562R1|ACTBL2,51,sp|Q86U86|PBRM1,1654,1
sp|Q92925|SMARCD2,143,sp|Q8TAQ2|SMARCC2,2,1
sp|O14497|ARID1A,1880,sp|Q8TAQ2|SMARCC2,702,1
sp|Q92922|SMARCC1,317,sp|P51532|SMARCA4,1503,1
sp|O96019|ACTL6A,303,sp|Q969G3|SMARCE1,92,1
sp|Q8TAQ2|SMARCC2,704,sp|P51532|SMARCA4,1081,1
sp|O96019|ACTL6A,89,sp|Q92922|SMARCC1,948,1
sp|Q92785|DPF2,130,sp|Q92922|SMARCC1,292,1
sp|Q12824|SMARCB1,363,sp|Q92922|SMARCC1,644,1
sp|P51532|SMARCA4,835,sp|Q9BQE9|BCL7B,27,1
sp|P51532|SMARCA4,1518,sp|Q8NFD5|ARID1B,2110,1
sp|Q92925|SMARCD2,514,sp|Q92922|SMARCC1,740,1
sp|Q8WUB8|PHF10,118,sp|Q86U86|PBRM1,640,1
sp|O96019|ACTL6A,194,sp|Q96GM5|SMARCD1,353,1
sp|O14497|ARID1A,1230,sp|Q15532|SS18,13,1
sp|Q8NFD5|ARID1B,1676,sp|Q92922|SMARCC1,644,1
sp|Q8WUB8|PHF10,106,sp|P51531|SMARCA2,500,1
sp|Q8NFD5|ARID1B,1372,sp|O96019|ACTL6A,371,1
sp|P51531|SMARCA2,500,sp|Q562R1|ACTBL2,329,1
sp|Q92922|SMARCC1,317,sp|P51532|SMARCA4,545,1
sp|Q12824|SMARCB1,16,sp|O14497|ARID1A,1905,1
sp|Q92925|SMARCD2,193,sp|Q8TAQ2|SMARCC2,101,1
sp|Q969G3|SMARCE1,240,sp|P51532|SMARCA4,94,1
sp|Q969G3|SMARCE1,146,sp|P51532|SMARCA4,207,1
sp|Q8NFD5|ARID1B,2110,sp|P51532|SMARCA4,835,1
sp|Q8TAQ2|SMARCC2,568,sp|Q92922|SMARCC1,609,1
sp|Q969G3|SMARCE1,166,sp|Q8NFD5|ARID1B,2110,1
sp|Q8TAQ2|SMARCC2,694,sp|Q8WUB8|PHF10,241,1
sp|P60709|ACTB,215,sp|P51532|SMARCA4,461,1
sp|Q562R1|ACTBL2,292,sp|P51532|SMARCA4,876,1
sp|Q969G3|SMARCE1,1,sp|Q9NPI1|BRD7,640,1
sp|O14497|ARID1A,1795,sp|Q8TAQ2|SMARCC2,592,1
sp|Q8TAQ2|SMARCC2,6,sp|Q92785|DPF2,130,1
sp|P51532|SMARCA4,1221,sp|Q8NFD5|ARID1B,2110,1
sp|P60709|ACTB,328,sp|P51532|SMARCA4,517,1
sp|Q92785|DPF2,318,sp|Q92922|SMARCC1,127,1
sp|Q92922|SMARCC1,588,sp|Q8TAQ2|SMARCC2,568,1
sp|Q12824|SMARCB1,108,sp|Q6STE5|SMARCD3,417,1
sp|P51532|SMARCA4,1492,sp|Q92785|DPF2,258,1
sp|Q8WUB8|PHF10,118,sp|Q12824|SMARCB1,45,1
sp|O14497|ARID1A,1201,sp|O96019|ACTL6A,371,1
sp|Q92922|SMARCC1,317,sp|Q12824|SMARCB1,364,1
sp|Q86U86|PBRM1,1074,sp|Q92925|SMARCD2,176,1
sp|Q8NFD5|ARID1B,1930,sp|Q92925|SMARCD2,514,1
sp|Q96GM5|SMARCD1,464,sp|P51532|SMARCA4,357,1
sp|Q92785|DPF2,216,sp|Q4VC05|BCL7A,47,1
sp|Q8TAQ2|SMARCC2,6,sp|Q92922|SMARCC1,317,1
sp|Q96GM5|SMARCD1,341,sp|Q8TAQ2|SMARCC2,940,1
sp|Q92922|SMARCC1,925,sp|Q8WUB8|PHF10,347,1
sp|Q12824|SMARCB1,106,sp|Q92922|SMARCC1,590,1
sp|Q9BQE9|BCL7B,20,sp|Q12824|SMARCB1,124,1
sp|P51532|SMARCA4,1492,sp|Q92922|SMARCC1,317,1
sp|Q92922|SMARCC1,482,sp|Q9BQE9|BCL7B,20,1
sp|Q96GM5|SMARCD1,101,sp|Q92922|SMARCC1,905,1
sp|P51532|SMARCA4,1414,sp|Q6STE5|SMARCD3,417,1
sp|Q68CP9|ARID2,7,sp|Q8WUB8|PHF10,391,1
sp|P51532|SMARCA4,1390,sp|O96019|ACTL6A,379,1
sp|Q96GM5|SMARCD1,101,sp|Q969G3|SMARCE1,146,1
sp|Q92785|DPF2,130,sp|Q4VC05|BCL7A,15,1
sp|P60709|ACTB,68,sp|P51532|SMARCA4,1492,1
sp|O14497|ARID1A,2033,sp|Q92922|SMARCC1,882,1
sp|Q8WUB8|PHF10,241,sp|Q92922|SMARCC1,608,1
sp|Q8TAQ2|SMARCC2,457,sp|Q86U86|PBRM1,471,1
sp|Q96GM5|SMARCD1,273,sp|Q68CP9|ARID2,1716,1
sp|Q8TAQ2|SMARCC2,275,sp|P51532|SMARCA4,1610,1
sp|Q8TAQ2|SMARCC2,592,sp|P51531|SMARCA2,437,1
sp|P51531|SMARCA2,375,sp|Q92922|SMARCC1,608,1
sp|O96019|ACTL6A,240,sp|P51532|SMARCA4,1518,1
sp|Q92785|DPF2,186,sp|Q6STE5|SMARCD3,106,1
sp|Q92922|SMARCC1,199,sp|P51532|SMARCA4,1408,1
sp|Q92785|DPF2,108,sp|P51532|SMARCA4,405,1
sp|P51532|SMARCA4,399,sp|Q8TAQ2|SMARCC2,592,1
sp|P51532|SMARCA4,1414,sp|Q4VC05|BCL7A,19,1
sp|O96019|ACTL6A,371,sp|O14497|ARID1A,1047,1
sp|P51532|SMARCA4,876,sp|O96019|ACTL6A,379,1
sp|Q92785|DPF2,241,sp|O96019|ACTL6A,379,1
sp|Q8NFD5|ARID1B,1904,sp|Q96GM5|SMARCD1,156,1
sp|Q86U86|PBRM1,1642,sp|Q8TAQ2|SMARCC2,848,1
sp|Q8TAQ2|SMARCC2,694,sp|Q68CP9|ARID2,275,1
