Protein1,LinkPos1,Protein2,LinkPos2,Score
ACTB,50,ACTB,61,3
ACTB,50,ACTB,68,65
ACTB,61,ACTB,68,1
ACTB,113,ACTB,118,1
ACTB,113,ACTB,213,2
ACTB,113,ACTB,373,6
ACTB,291,ACTB,326,52
ACTB,291,ACTB,328,35
ACTB,113,SMRC2,79,6
ACTB,191,ACL6A,60,1
ACTB,191,ACL6A,240,4
ACTB,191,ACL6A,242,21
ACTB,315,ACL6A,238,6
ACTB,315,ACL6A,242,1
ACTB,113,SMRC1,107,6
ACTB,328,SNF5,324,2
ACTB,50,SMCA2,846,1
ACTB,50,SMCA2,862,1
ACTB,68,SMCA2,1434,1
ACTB,215,SMCA2,437,1
ACTB,291,SMCA2,846,11
ACTB,326,SMCA2,846,1
ACTB,328,SMCA2,492,1
ACTB,328,SMCA2,493,2
ACTB,328,SMCA2,500,5
ACTB,328,SMCA2,846,1
ACTB,50,SMCA4,876,1
ACTB,50,SMCA4,892,1
ACTB,68,SMCA4,1492,1
ACTB,215,SMCA4,461,1
ACTB,291,SMCA4,876,11
ACTB,326,SMCA4,876,1
ACTB,328,SMCA4,516,2
ACTB,328,SMCA4,517,4
ACTB,328,SMCA4,524,4
ACTB,328,SMCA4,689,1
ACTB,328,SMCA4,876,1
ACTB,373,SMCA4,499,2
ACTB,113,BCL7C,47,1
ACTB,50,BCL7A,15,1
ACTB,50,BCL7A,67,1
ACTB,113,BCL7A,47,1
ACTB,68,ACTBL2,51,12
ACTB,68,ACTBL2,62,10
ACTB,113,ACTBL2,374,6
ACTB,291,ACTBL2,329,35
ACTB,326,ACTBL2,292,3
ACTB,328,ACTBL2,292,1
SMRD1,101,SMRD1,131,1
SMRD1,101,SMRD1,156,3
SMRD1,101,SMRD1,173,2
SMRD1,101,SMRD1,273,2
SMRD1,101,SMRD1,353,1
SMRD1,101,SMRD1,498,1
SMRD1,124,SMRD1,131,6
SMRD1,125,SMRD1,127,2
SMRD1,125,SMRD1,131,4
SMRD1,127,SMRD1,353,2
SMRD1,131,SMRD1,353,2
SMRD1,156,SMRD1,498,1
SMRD1,194,SMRD1,273,36
SMRD1,194,SMRD1,385,3
SMRD1,228,SMRD1,228,4
SMRD1,228,SMRD1,232,1
SMRD1,273,SMRD1,385,4
SMRD1,327,SMRD1,341,9
SMRC2,718,SMRD1,101,1
SMRC2,897,SMRD1,101,1
SMRC2,902,SMRD1,131,1
SMRC2,897,SMRD1,156,2
SMRC2,940,SMRD1,327,6
SMRC2,940,SMRD1,341,1
SMRD1,181,SMRD2,185,1
SMRD1,181,SMRD2,237,1
SMRD1,228,SMRD2,248,1
SMRD1,101,SMCE1,146,1
SMRD1,101,SMCE1,166,6
SMRD1,101,SMCE1,240,7
SMRD1,223,SMCE1,255,2
SMRD1,223,SMCE1,258,9
SMRD1,101,SMRD3,106,1
SMRD1,101,SMRD3,131,3
SMRD1,124,SMRD3,106,6
SMRD1,125,SMRD3,102,2
SMRD1,125,SMRD3,106,4
SMRD1,156,SMRD3,152,1
SMRD1,181,SMRD3,189,1
SMRD1,228,SMRD3,200,1
SMRD1,353,SMRD3,102,2
SMRD1,353,SMRD3,106,2
SMRD1,498,SMRD3,131,1
SMRD1,101,SS18,13,2
ACL6A,135,SMRD1,327,7
ACL6A,421,SMRD1,327,9
ACL6A,194,SMRD1,353,1
DPF2,130,SMRD1,101,2
DPF2,186,SMRD1,131,1
DPF2,186,SMRD1,156,1
SMRC1,317,SMRD1,101,2
SMRC1,740,SMRD1,101,2
SMRC1,905,SMRD1,101,1
SMRC1,910,SMRD1,131,1
SMRC1,905,SMRD1,156,2
SMRC1,948,SMRD1,181,6
SMRC1,948,SMRD1,327,29
SMRC1,948,SMRD1,341,26
SMRC1,615,SMRD1,353,1
SMRC1,716,SMRD1,498,2
SMRC1,740,SMRD1,498,1
ARI1B,1360,SMRD1,101,3
ARI1B,1608,SMRD1,101,4
ARI1B,1616,SMRD1,101,6
ARI1B,2110,SMRD1,101,11
ARI1B,2110,SMRD1,124,7
ARI1B,2110,SMRD1,125,5
ARI1B,2110,SMRD1,131,2
ARI1B,1898,SMRD1,156,2
ARI1B,1904,SMRD1,156,4
ARI1B,2097,SMRD1,156,12
ARI1B,1046,SMRD1,173,1
ARI1B,2110,SMRD1,173,7
ARI1B,1930,SMRD1,464,11
SMCA4,94,SMRD1,101,2
SMCA4,207,SMRD1,101,1
SMCA4,357,SMRD1,101,4
SMCA4,455,SMRD1,101,2
SMCA4,1414,SMRD1,101,1
SMCA4,437,SMRD1,124,5
SMCA4,997,SMRD1,181,1
ARI1A,1201,SMRD1,101,1
ARI1A,1230,SMRD1,101,3
ARI1A,1238,SMRD1,101,2
ARI1A,1654,SMRD1,101,6
ARI1A,1662,SMRD1,101,10
ARI1A,2159,SMRD1,101,11
ARI1A,2159,SMRD1,124,8
ARI1A,2159,SMRD1,125,5
ARI1A,2159,SMRD1,131,2
ARI1A,1938,SMRD1,156,2
ARI1A,1953,SMRD1,156,5
ARI1A,2146,SMRD1,156,16
ARI1A,2159,SMRD1,173,8
SMRC2,5,SMRC2,66,7
SMRC2,5,SMRC2,275,4
SMRC2,6,SMRC2,66,5
SMRC2,6,SMRC2,275,5
SMRC2,6,SMRC2,365,2
SMRC2,33,SMRC2,37,1
SMRC2,36,SMRC2,101,1
SMRC2,37,SMRC2,99,2
SMRC2,79,SMRC2,233,7
SMRC2,101,SMRC2,236,1
SMRC2,151,SMRC2,157,9
SMRC2,171,SMRC2,236,6
SMRC2,236,SMRC2,263,4
SMRC2,275,SMRC2,292,4
SMRC2,275,SMRC2,298,2
SMRC2,341,SMRC2,364,8
SMRC2,341,SMRC2,365,1
SMRC2,359,SMRC2,365,1
SMRC2,564,SMRC2,568,7
SMRC2,568,SMRC2,584,1
SMRC2,568,SMRC2,718,1
SMRC2,568,SMRC2,846,1
SMRC2,584,SMRC2,590,1
SMRC2,584,SMRC2,592,13
SMRC2,584,SMRC2,724,1
SMRC2,585,SMRC2,585,1
SMRC2,585,SMRC2,592,4
SMRC2,585,SMRC2,704,1
SMRC2,585,SMRC2,718,1
SMRC2,590,SMRC2,846,1
SMRC2,590,SMRC2,848,1
SMRC2,592,SMRC2,704,3
SMRC2,592,SMRC2,718,1
SMRC2,592,SMRC2,846,2
SMRC2,592,SMRC2,848,1
SMRC2,617,SMRC2,694,10
SMRC2,694,SMRC2,694,2
SMRC2,694,SMRC2,702,15
SMRC2,694,SMRC2,704,12
SMRC2,694,SMRC2,718,2
SMRC2,694,SMRC2,846,2
SMRC2,694,SMRC2,848,4
SMRC2,694,SMRC2,874,9
SMRC2,702,SMRC2,704,1
SMRC2,702,SMRC2,718,3
SMRC2,702,SMRC2,846,2
SMRC2,702,SMRC2,848,2
SMRC2,702,SMRC2,874,2
SMRC2,704,SMRC2,718,16
SMRC2,704,SMRC2,724,1
SMRC2,704,SMRC2,846,8
SMRC2,704,SMRC2,848,10
SMRC2,704,SMRC2,874,15
SMRC2,704,SMRC2,885,4
SMRC2,718,SMRC2,728,6
SMRC2,718,SMRC2,846,5
SMRC2,718,SMRC2,848,5
SMRC2,718,SMRC2,874,1
SMRC2,724,SMRC2,769,1
SMRC2,724,SMRC2,846,15
SMRC2,724,SMRC2,848,10
SMRC2,728,SMRC2,846,2
SMRC2,728,SMRC2,848,12
SMRC2,769,SMRC2,773,5
SMRC2,789,SMRC2,796,3
SMRC2,789,SMRC2,836,1
SMRC2,795,SMRC2,800,1
SMRC2,795,SMRC2,802,1
SMRC2,823,SMRC2,828,3
SMRC2,828,SMRC2,828,2
SMRC2,828,SMRC2,836,1
SMRC2,836,SMRC2,846,14
SMRC2,836,SMRC2,848,16
SMRC2,846,SMRC2,846,5
SMRC2,846,SMRC2,874,3
SMRC2,848,SMRC2,872,3
SMRC2,848,SMRC2,874,4
SMRC2,874,SMRC2,874,2
SMRC2,874,SMRC2,883,9
SMRC2,874,SMRC2,885,16
SMRC2,101,SMRD2,193,1
SMRC2,617,SMRD2,514,6
SMRC2,704,SMRD2,514,1
SMRC2,874,SMRD2,514,1
SMRC2,902,SMRD2,143,6
SMRC2,902,SMRD2,185,1
SMRC2,902,SMRD2,237,1
SMRC2,36,SMCE1,98,1
SMRC2,846,SMCE1,228,1
SMRC2,872,SMCE1,228,10
SMRC2,874,SMCE1,228,2
SMRC2,883,SMCE1,228,6
SMRC2,897,SMCE1,240,8
SMRC2,898,SMCE1,240,10
SMRC2,902,SMCE1,240,1
SMRC2,902,SMCE1,255,5
SMRC2,897,SMRD3,131,2
SMRC2,902,SMRD3,106,1
SMRC2,902,SMRD3,189,1
SMRC2,940,SMRD3,309,3
ACL6A,242,SMRC2,312,2
ACL6A,242,SMRC2,694,1
ACL6A,379,SMRC2,828,4
ACL6A,379,SMRC2,885,1
ACL6A,194,SMRC2,940,5
DPF2,130,SMRC2,6,1
DPF2,188,SMRC2,6,1
DPF2,186,SMRC2,297,1
DPF2,59,SMRC2,455,2
DPF2,207,SMRC2,724,1
DPF2,241,SMRC2,773,10
SMRC1,317,SMRC2,6,1
SMRC1,185,SMRC2,151,9
SMRC1,179,SMRC2,161,1
SMRC1,317,SMRC2,275,1
SMRC1,127,SMRC2,292,1
SMRC1,199,SMRC2,364,1
SMRC1,588,SMRC2,566,1
SMRC1,740,SMRC2,584,1
SMRC1,716,SMRC2,617,2
SMRC1,739,SMRC2,617,3
SMRC1,639,SMRC2,694,10
SMRC1,716,SMRC2,694,7
SMRC1,740,SMRC2,694,1
SMRC1,882,SMRC2,694,9
SMRC1,716,SMRC2,702,10
SMRC1,882,SMRC2,702,2
SMRC1,615,SMRC2,704,1
SMRC1,716,SMRC2,704,2
SMRC1,882,SMRC2,704,15
SMRC1,893,SMRC2,704,4
SMRC1,882,SMRC2,718,1
SMRC1,854,SMRC2,724,1
SMRC1,740,SMRC2,846,2
SMRC1,882,SMRC2,846,3
SMRC1,716,SMRC2,848,1
SMRC1,882,SMRC2,848,4
SMRC1,716,SMRC2,872,1
SMRC1,716,SMRC2,874,2
SMRC1,739,SMRC2,874,1
SMRC1,882,SMRC2,874,2
SMRC1,891,SMRC2,874,9
SMRC1,893,SMRC2,874,16
SMRC1,882,SMRC2,883,9
SMRC1,882,SMRC2,885,16
SMRC1,948,SMRC2,902,5
ARI1B,2110,SMRC2,79,1
ARI1B,1781,SMRC2,592,3
ARI1B,1676,SMRC2,622,1
ARI1B,1843,SMRC2,874,2
ARI1B,1844,SMRC2,874,1
ARI1B,1984,SMRC2,874,4
ARI1B,2110,SMRC2,874,2
ARI1B,1904,SMRC2,897,2
ARI1B,2110,SMRC2,902,2
SNF5,363,SMRC2,622,1
SMCA2,447,SMRC2,314,1
SMCA2,1354,SMRC2,590,2
SMCA2,1354,SMRC2,592,2
SMCA2,1051,SMRC2,704,1
SMCA4,207,SMRC2,2,1
SMCA4,437,SMRC2,2,2
SMCA4,499,SMRC2,79,2
SMCA4,1610,SMRC2,275,1
SMCA4,471,SMRC2,314,1
SMCA4,405,SMRC2,568,2
SMCA4,399,SMRC2,584,2
SMCA4,399,SMRC2,592,1
SMCA4,405,SMRC2,617,2
SMCA4,348,SMRC2,704,3
SMCA4,1081,SMRC2,704,1
BCL7C,20,SMRC2,455,3
BCL7C,1,SMRC2,872,1
ARI1A,2159,SMRC2,79,1
ARI1A,1862,SMRC2,584,6
ARI1A,1880,SMRC2,584,2
ARI1A,1862,SMRC2,585,2
ARI1A,1795,SMRC2,592,1
ARI1A,1862,SMRC2,592,2
ARI1A,1880,SMRC2,592,3
ARI1A,1880,SMRC2,694,3
ARI1A,1880,SMRC2,702,1
ARI1A,1880,SMRC2,718,7
ARI1A,1905,SMRC2,718,2
ARI1A,1862,SMRC2,795,1
ARI1A,1880,SMRC2,874,23
ARI1A,1905,SMRC2,874,5
ARI1A,1934,SMRC2,874,1
ARI1A,2033,SMRC2,874,1
ARI1A,2159,SMRC2,874,2
ARI1A,2159,SMRC2,902,2
BCL7A,34,SMRC2,704,1
BCL7B,20,SMRC2,457,1
BCL7B,34,SMRC2,704,1
SMRD2,139,SMRD2,451,1
SMRD2,168,SMRD2,176,1
SMRD2,168,SMRD2,514,1
SMRD2,185,SMRD2,186,3
SMRD2,185,SMRD2,191,9
SMRD2,185,SMRD2,193,1
SMRD2,193,SMRD2,237,1
SMRD2,206,SMRD2,289,8
SMRD2,226,SMRD2,289,3
SMRD2,237,SMRD2,401,4
SMRD2,289,SMRD2,297,15
SMRD2,289,SMRD2,401,3
SMRD2,451,SMRD2,514,1
SMRD2,480,SMRD2,514,1
SMRD2,514,SMCE1,146,1
SMRD2,185,SMRD3,156,1
SMRD2,193,SMRD3,189,1
SMRD2,237,SMRD3,156,1
SMRD2,401,SMRD3,189,4
SMRC1,910,SMRD2,143,6
SMRC1,910,SMRD2,185,1
SMRC1,925,SMRD2,186,4
SMRC1,948,SMRD2,193,6
SMRC1,910,SMRD2,237,1
SMRC1,948,SMRD2,340,8
SMRC1,346,SMRD2,514,1
SMRC1,639,SMRD2,514,6
SMRC1,740,SMRD2,514,1
SMRC1,882,SMRD2,514,1
ARI1B,2110,SMRD2,139,2
ARI1B,1372,SMRD2,143,1
ARI1B,2110,SMRD2,143,3
ARI1B,1898,SMRD2,168,2
ARI1B,1904,SMRD2,168,3
ARI1B,2097,SMRD2,168,4
ARI1B,2110,SMRD2,185,26
ARI1B,2110,SMRD2,186,7
ARI1B,1930,SMRD2,480,55
ARI1B,1930,SMRD2,514,1
SNF5,70,SMRD2,168,1
SNF5,199,SMRD2,185,1
SNF5,364,SMRD2,185,1
SNF5,199,SMRD2,237,1
SNF5,364,SMRD2,237,1
SNF5,45,SMRD2,514,1
SMCA2,413,SMRD2,139,2
SMCA2,842,SMRD2,185,1
SMCA2,1061,SMRD2,185,1
SMCA2,842,SMRD2,237,1
SMCA2,1061,SMRD2,237,1
SMCA2,521,SMRD2,402,1
SMCA4,437,SMRD2,139,7
SMCA4,872,SMRD2,185,1
SMCA4,1091,SMRD2,185,1
SMCA4,872,SMRD2,237,1
SMCA4,1091,SMRD2,237,1
SMCA4,545,SMRD2,402,1
ARI1A,2159,SMRD2,139,2
ARI1A,2159,SMRD2,143,3
ARI1A,1938,SMRD2,168,3
ARI1A,1953,SMRD2,168,2
ARI1A,2146,SMRD2,168,7
ARI1A,2159,SMRD2,185,28
ARI1A,2159,SMRD2,186,8
ARI1A,1979,SMRD2,480,3
SMCE1,61,SMCE1,68,6
SMCE1,61,SMCE1,85,1
SMCE1,64,SMCE1,68,1
SMCE1,98,SMCE1,228,2
SMCE1,112,SMCE1,131,2
SMCE1,146,SMCE1,166,1
SMCE1,146,SMCE1,228,2
SMCE1,146,SMCE1,298,1
SMCE1,166,SMCE1,228,1
SMCE1,228,SMCE1,240,4
SMCE1,228,SMCE1,255,1
SMCE1,228,SMCE1,271,1
SMCE1,228,SMCE1,277,1
SMCE1,228,SMCE1,298,2
SMCE1,240,SMCE1,255,3
SMCE1,240,SMCE1,256,1
SMCE1,255,SMCE1,258,21
SMCE1,255,SMCE1,271,2
SMCE1,256,SMCE1,258,1
SMCE1,271,SMCE1,277,57
SMCE1,271,SMCE1,284,3
SMCE1,271,SMCE1,298,1
SMCE1,277,SMCE1,305,5
SMCE1,284,SMCE1,305,2
SMCE1,298,SMCE1,305,3
ACL6A,303,SMCE1,92,1
ACL6A,379,SMCE1,92,3
ACL6A,371,SMCE1,146,2
ACL6A,379,SMCE1,146,11
ACL6A,379,SMCE1,240,1
ACL6A,379,SMCE1,305,1
DPF2,99,SMCE1,79,1
DPF2,108,SMCE1,79,1
DPF2,130,SMCE1,85,1
DPF2,318,SMCE1,284,1
SMRC1,739,SMCE1,228,2
SMRC1,740,SMCE1,228,3
SMRC1,880,SMCE1,228,10
SMRC1,882,SMCE1,228,2
SMRC1,891,SMCE1,228,6
SMRC1,905,SMCE1,240,8
SMRC1,906,SMCE1,240,10
SMRC1,910,SMCE1,240,1
SMRC1,910,SMCE1,255,5
SMRC1,925,SMCE1,258,22
SMRC1,948,SMCE1,284,3
SMRC1,326,SMCE1,305,1
ARI1B,2110,SMCE1,79,1
ARI1B,1612,SMCE1,146,4
ARI1B,1616,SMCE1,146,6
ARI1B,2110,SMCE1,146,3
ARI1B,1616,SMCE1,166,1
ARI1B,2110,SMCE1,166,1
ARI1B,2187,SMCE1,166,3
ARI1B,1372,SMCE1,240,1
SMCA4,207,SMCE1,146,1
SMCA4,455,SMCE1,166,5
SMCA4,94,SMCE1,240,1
ARI1A,2159,SMCE1,79,1
ARI1A,1654,SMCE1,146,1
ARI1A,1662,SMCE1,146,23
ARI1A,2159,SMCE1,146,3
ARI1A,1662,SMCE1,166,2
ARI1A,2159,SMCE1,166,1
ARI1A,1905,SMCE1,228,2
ARI1A,1938,SMCE1,228,2
ARI1A,1934,SMCE1,271,6
ARI1A,1938,SMCE1,271,1
SMRD3,131,SMRD3,152,1
SMRD3,156,SMRD3,189,1
SMRD3,169,SMRD3,241,1
DPF2,186,SMRD3,106,1
DPF2,186,SMRD3,131,1
DPF2,108,SMRD3,264,1
SMRC1,910,SMRD3,106,1
SMRC1,905,SMRD3,131,2
SMRC1,948,SMRD3,156,6
SMRC1,910,SMRD3,189,1
SMRC1,317,SMRD3,241,1
SMRC1,948,SMRD3,309,8
SMRC1,716,SMRD3,417,1
ARI1B,2110,SMRD3,106,2
ARI1B,1898,SMRD3,131,2
ARI1B,1904,SMRD3,131,4
ARI1B,2097,SMRD3,131,12
ARI1B,2110,SMRD3,148,10
ARI1B,1930,SMRD3,432,10
SNF5,199,SMRD3,189,1
SNF5,364,SMRD3,189,1
SNF5,108,SMRD3,417,1
SMCA2,431,SMRD3,1,1
SMCA2,413,SMRD3,102,2
SMCA2,842,SMRD3,189,1
SMCA2,1061,SMRD3,189,1
SMCA4,437,SMRD3,102,7
SMCA4,872,SMRD3,189,1
SMCA4,1091,SMRD3,189,1
SMCA4,1414,SMRD3,417,1
ARI1A,2159,SMRD3,106,2
ARI1A,1938,SMRD3,131,2
ARI1A,1953,SMRD3,131,5
ARI1A,2146,SMRD3,131,16
ARI1A,2159,SMRD3,148,10
ARI1A,1962,SMRD3,417,1
SMRC1,740,SS18,13,1
ARI1B,1372,SS18,13,1
ARI1B,2110,SS18,13,2
SMCA4,94,SS18,13,2
ARI1A,1230,SS18,13,1
ARI1A,2159,SS18,13,2
ACL6A,34,ACL6A,62,7
ACL6A,34,ACL6A,112,12
ACL6A,60,ACL6A,135,14
ACL6A,62,ACL6A,135,7
ACL6A,89,ACL6A,112,3
ACL6A,89,ACL6A,194,22
ACL6A,108,ACL6A,112,4
ACL6A,135,ACL6A,135,10
ACL6A,135,ACL6A,421,36
ACL6A,226,ACL6A,240,11
ACL6A,238,ACL6A,240,33
ACL6A,238,ACL6A,242,36
ACL6A,240,ACL6A,242,1
ACL6A,371,ACL6A,379,2
ACL6A,242,DPF2,285,1
ACL6A,379,DPF2,130,2
ACL6A,379,DPF2,188,1
ACL6A,379,DPF2,241,1
ACL6A,89,SMRC1,948,1
ACL6A,135,SMRC1,948,3
ACL6A,194,SMRC1,948,7
ACL6A,371,SMRC1,199,1
ACL6A,379,SMRC1,199,1
ACL6A,379,SMRC1,201,1
ACL6A,379,SMRC1,893,1
ACL6A,135,ARI1B,1566,1
ACL6A,371,ARI1B,1360,2
ACL6A,371,ARI1B,1372,1
ACL6A,62,SNF5,16,2
ACL6A,135,SNF5,45,2
ACL6A,238,SNF5,71,2
ACL6A,371,SNF5,124,2
ACL6A,379,SNF5,45,1
ACL6A,379,SNF5,124,2
ACL6A,240,SMCA2,1460,1
ACL6A,371,SMCA2,95,1
ACL6A,371,SMCA2,1207,4
ACL6A,371,SMCA2,1434,2
ACL6A,379,SMCA2,460,63
ACL6A,379,SMCA2,463,16
ACL6A,379,SMCA2,846,1
ACL6A,379,SMCA2,1434,1
ACL6A,89,SMCA4,1140,1
ACL6A,240,SMCA4,1518,1
ACL6A,371,SMCA4,1237,4
ACL6A,371,SMCA4,1492,2
ACL6A,379,SMCA4,484,63
ACL6A,379,SMCA4,487,16
ACL6A,379,SMCA4,835,3
ACL6A,379,SMCA4,876,1
ACL6A,379,SMCA4,1390,1
ACL6A,379,SMCA4,1414,1
ACL6A,379,SMCA4,1492,1
ACL6A,303,BCL7C,33,1
ACL6A,371,ARI1A,1047,1
ACL6A,371,ARI1A,1201,1
ACL6A,371,ARI1A,1230,2
ACL6A,413,ARI1A,1804,1
ACL6A,421,ARI1A,2243,27
ACTBL2,192,ACL6A,60,1
ACTBL2,192,ACL6A,240,4
ACTBL2,192,ACL6A,242,21
DPF2,59,DPF2,241,2
DPF2,99,DPF2,107,5
DPF2,99,DPF2,108,31
DPF2,99,DPF2,130,6
DPF2,99,DPF2,178,2
DPF2,107,DPF2,108,3
DPF2,107,DPF2,130,3
DPF2,108,DPF2,108,1
DPF2,108,DPF2,130,10
DPF2,108,DPF2,178,1
DPF2,130,DPF2,188,3
DPF2,130,DPF2,241,2
DPF2,130,DPF2,261,1
DPF2,130,DPF2,285,1
DPF2,178,DPF2,182,4
DPF2,178,DPF2,184,2
DPF2,178,DPF2,186,3
DPF2,178,DPF2,188,7
DPF2,178,DPF2,195,3
DPF2,178,DPF2,258,1
DPF2,178,DPF2,318,3
DPF2,188,DPF2,195,2
DPF2,188,DPF2,196,2
DPF2,188,DPF2,241,4
DPF2,188,DPF2,285,4
DPF2,188,DPF2,318,1
DPF2,195,DPF2,207,1
DPF2,196,DPF2,207,2
DPF2,241,DPF2,258,5
DPF2,241,DPF2,261,1
DPF2,241,DPF2,285,1
DPF2,258,DPF2,261,12
DPF2,258,DPF2,318,3
DPF2,281,DPF2,285,5
DPF2,285,DPF2,318,23
DPF2,59,SMRC1,480,2
DPF2,130,SMRC1,199,2
DPF2,130,SMRC1,201,3
DPF2,130,SMRC1,292,1
DPF2,130,SMRC1,317,3
DPF2,130,SMRC1,740,1
DPF2,186,SMRC1,948,1
DPF2,188,SMRC1,199,2
DPF2,188,SMRC1,740,1
DPF2,318,SMRC1,127,1
DPF2,108,SNF5,324,2
DPF2,130,SNF5,364,1
DPF2,285,SNF5,364,1
DPF2,108,SMCA2,1505,1
DPF2,130,SMCA2,381,1
DPF2,130,SMCA2,1434,1
DPF2,178,SMCA2,1434,1
DPF2,207,SMCA2,1505,1
DPF2,207,SMCA2,1540,1
DPF2,216,SMCA2,478,1
DPF2,258,SMCA2,1434,1
DPF2,261,SMCA2,1434,1
DPF2,318,SMCA2,463,1
DPF2,318,SMCA2,1505,3
DPF2,99,SMCA4,405,6
DPF2,107,SMCA4,405,2
DPF2,108,SMCA4,405,1
DPF2,130,SMCA4,1414,1
DPF2,130,SMCA4,1492,1
DPF2,178,SMCA4,1492,1
DPF2,258,SMCA4,1492,1
DPF2,261,SMCA4,1492,1
DPF2,285,SMCA4,1610,2
DPF2,318,SMCA4,487,1
ARI1A,1808,DPF2,18,8
ARI1A,1662,DPF2,108,1
ARI1A,1662,DPF2,130,3
ARI1A,1615,DPF2,188,1
BCL7A,15,DPF2,130,1
BCL7A,47,DPF2,216,1
SMRC1,34,SMRC1,303,3
SMRC1,34,SMRC1,317,5
SMRC1,34,SMRC1,856,2
SMRC1,41,SMRC1,317,7
SMRC1,61,SMRC1,592,1
SMRC1,94,SMRC1,317,9
SMRC1,107,SMRC1,127,1
SMRC1,127,SMRC1,157,3
SMRC1,129,SMRC1,317,1
SMRC1,129,SMRC1,739,1
SMRC1,179,SMRC1,189,1
SMRC1,183,SMRC1,317,1
SMRC1,199,SMRC1,199,2
SMRC1,199,SMRC1,201,1
SMRC1,199,SMRC1,261,3
SMRC1,199,SMRC1,292,1
SMRC1,199,SMRC1,303,2
SMRC1,199,SMRC1,317,9
SMRC1,199,SMRC1,354,1
SMRC1,199,SMRC1,392,1
SMRC1,199,SMRC1,393,1
SMRC1,199,SMRC1,615,1
SMRC1,199,SMRC1,740,2
SMRC1,201,SMRC1,317,2
SMRC1,227,SMRC1,317,3
SMRC1,292,SMRC1,303,1
SMRC1,292,SMRC1,317,4
SMRC1,303,SMRC1,317,22
SMRC1,317,SMRC1,317,1
SMRC1,317,SMRC1,326,4
SMRC1,317,SMRC1,346,4
SMRC1,317,SMRC1,354,3
SMRC1,317,SMRC1,740,1
SMRC1,326,SMRC1,326,3
SMRC1,341,SMRC1,346,4
SMRC1,342,SMRC1,346,1
SMRC1,342,SMRC1,354,1
SMRC1,387,SMRC1,393,1
SMRC1,393,SMRC1,740,1
SMRC1,588,SMRC1,592,18
SMRC1,592,SMRC1,716,1
SMRC1,592,SMRC1,739,1
SMRC1,592,SMRC1,740,1
SMRC1,608,SMRC1,613,6
SMRC1,608,SMRC1,615,2
SMRC1,608,SMRC1,739,2
SMRC1,608,SMRC1,740,1
SMRC1,609,SMRC1,615,4
SMRC1,615,SMRC1,739,1
SMRC1,615,SMRC1,740,2
SMRC1,615,SMRC1,856,1
SMRC1,639,SMRC1,716,2
SMRC1,639,SMRC1,739,3
SMRC1,716,SMRC1,716,10
SMRC1,716,SMRC1,739,15
SMRC1,716,SMRC1,740,4
SMRC1,716,SMRC1,854,3
SMRC1,716,SMRC1,855,10
SMRC1,716,SMRC1,856,21
SMRC1,716,SMRC1,882,2
SMRC1,739,SMRC1,856,4
SMRC1,739,SMRC1,882,1
SMRC1,740,SMRC1,740,2
SMRC1,740,SMRC1,750,2
SMRC1,740,SMRC1,856,7
SMRC1,854,SMRC1,856,7
SMRC1,882,SMRC1,882,2
SMRC1,882,SMRC1,891,9
SMRC1,882,SMRC1,893,16
SMRC1,910,SMRC1,948,5
ARI1B,2110,SMRC1,317,2
ARI1B,392,SMRC1,428,3
ARI1B,1792,SMRC1,608,2
ARI1B,1824,SMRC1,608,2
ARI1B,1676,SMRC1,644,1
ARI1B,1792,SMRC1,739,1
ARI1B,1372,SMRC1,740,2
ARI1B,1843,SMRC1,882,2
ARI1B,1844,SMRC1,882,1
ARI1B,1984,SMRC1,882,4
ARI1B,2110,SMRC1,882,2
ARI1B,1904,SMRC1,905,2
ARI1B,2110,SMRC1,910,2
SNF5,45,SMRC1,199,1
SNF5,364,SMRC1,317,1
SNF5,363,SMRC1,644,1
SNF5,45,SMRC1,740,1
SNF5,199,SMRC1,948,5
SNF5,364,SMRC1,948,5
SMCA2,500,SMRC1,199,1
SMCA2,1434,SMRC1,199,1
SMCA2,1460,SMRC1,292,2
SMCA2,521,SMRC1,317,1
SMCA2,1434,SMRC1,317,1
SMCA2,1445,SMRC1,317,1
SMCA2,1460,SMRC1,317,2
SMCA2,1003,SMRC1,590,2
SMCA2,1286,SMRC1,592,1
SMCA2,375,SMRC1,608,1
SMCA2,375,SMRC1,740,1
SMCA2,1460,SMRC1,740,1
SMCA2,842,SMRC1,948,5
SMCA2,1061,SMRC1,948,5
SMCA4,499,SMRC1,107,2
SMCA4,499,SMRC1,199,1
SMCA4,524,SMRC1,199,1
SMCA4,835,SMRC1,199,1
SMCA4,1408,SMRC1,199,1
SMCA4,1492,SMRC1,199,1
SMCA4,1610,SMRC1,199,1
SMCA4,1518,SMRC1,292,2
SMCA4,405,SMRC1,317,1
SMCA4,545,SMRC1,317,1
SMCA4,626,SMRC1,317,2
SMCA4,835,SMRC1,317,1
SMCA4,1375,SMRC1,317,1
SMCA4,1492,SMRC1,317,1
SMCA4,1503,SMRC1,317,1
SMCA4,1518,SMRC1,317,2
SMCA4,405,SMRC1,588,5
SMCA4,405,SMRC1,590,2
SMCA4,405,SMRC1,592,1
SMCA4,1349,SMRC1,592,1
SMCA4,399,SMRC1,608,2
SMCA4,399,SMRC1,609,2
SMCA4,399,SMRC1,615,3
SMCA4,405,SMRC1,639,2
SMCA4,357,SMRC1,740,1
SMCA4,399,SMRC1,740,1
SMCA4,1414,SMRC1,740,1
SMCA4,1518,SMRC1,740,1
SMCA4,437,SMRC1,925,1
SMCA4,872,SMRC1,948,5
SMCA4,1091,SMRC1,948,5
BCL7C,20,SMRC1,480,3
ARI1A,1732,SMRC1,65,1
ARI1A,1047,SMRC1,199,2
ARI1A,2159,SMRC1,317,2
ARI1A,1830,SMRC1,608,2
ARI1A,1862,SMRC1,608,8
ARI1A,1862,SMRC1,609,4
ARI1A,1830,SMRC1,615,1
ARI1A,1862,SMRC1,615,4
ARI1A,1880,SMRC1,615,2
ARI1A,1880,SMRC1,716,10
ARI1A,1830,SMRC1,739,1
ARI1A,1862,SMRC1,740,1
ARI1A,1880,SMRC1,740,11
ARI1A,1880,SMRC1,882,23
ARI1A,1905,SMRC1,882,5
ARI1A,1934,SMRC1,882,1
ARI1A,2033,SMRC1,882,1
ARI1A,2159,SMRC1,882,2
ARI1A,2159,SMRC1,910,2
BCL7A,15,SMRC1,199,1
BCL7A,19,SMRC1,199,1
BCL7B,20,SMRC1,482,1
ARI1B,928,ARI1B,1057,1
ARI1B,928,ARI1B,1266,2
ARI1B,1046,ARI1B,1057,4
ARI1B,1046,ARI1B,1083,4
ARI1B,1057,ARI1B,1266,1
ARI1B,1161,ARI1B,2075,1
ARI1B,1237,ARI1B,1266,2
ARI1B,1237,ARI1B,1372,2
ARI1B,1266,ARI1B,1360,2
ARI1B,1266,ARI1B,1372,3
ARI1B,1266,ARI1B,2110,1
ARI1B,1360,ARI1B,1372,19
ARI1B,1360,ARI1B,2110,7
ARI1B,1372,ARI1B,2110,8
ARI1B,1608,ARI1B,1930,7
ARI1B,1696,ARI1B,1792,1
ARI1B,1773,ARI1B,1780,1
ARI1B,1777,ARI1B,1781,8
ARI1B,1781,ARI1B,1904,1
ARI1B,1889,ARI1B,1904,1
ARI1B,1898,ARI1B,1904,5
ARI1B,1898,ARI1B,2097,2
ARI1B,1904,ARI1B,2097,4
ARI1B,1984,ARI1B,1996,15
ARI1B,2187,SNF5,124,1
ARI1B,1612,SMCA2,413,3
ARI1B,1930,SMCA2,416,2
ARI1B,2110,SMCA2,1191,1
ARI1B,2110,SMCA2,1460,1
ARI1B,2187,SMCA2,434,6
ARI1B,2187,SMCA2,437,3
ARI1B,1083,SMCA4,1029,1
ARI1B,1372,SMCA4,207,1
ARI1B,1612,SMCA4,437,9
ARI1B,1930,SMCA4,437,7
ARI1B,1930,SMCA4,440,2
ARI1B,2110,SMCA4,94,4
ARI1B,2110,SMCA4,207,1
ARI1B,2110,SMCA4,835,1
ARI1B,2110,SMCA4,1221,1
ARI1B,2110,SMCA4,1518,1
ARI1B,2187,SMCA4,458,9
ARI1B,2187,SMCA4,461,3
ARI1A,2159,ARI1B,1266,1
ARI1A,2159,ARI1B,1360,7
ARI1A,2159,ARI1B,1372,8
ARI1A,1830,ARI1B,1696,1
ARI1A,1007,ARI1B,2110,1
ARI1A,1230,ARI1B,2110,1
ARI1B,1904,BCL7A,27,2
ARI1B,1904,BCL7B,27,2
SNF5,13,SNF5,16,1
SNF5,45,SNF5,108,1
SNF5,45,SNF5,124,2
SNF5,108,SNF5,124,2
SNF5,124,SNF5,324,2
SNF5,199,SNF5,364,14
SMCA2,447,SNF5,45,9
SMCA2,447,SNF5,124,1
SMCA4,471,SNF5,45,9
SMCA4,471,SNF5,124,1
SMCA4,496,SNF5,124,1
SMCA4,499,SNF5,124,2
SMCA4,835,SNF5,124,2
SMCA4,1122,SNF5,124,1
SMCA4,1408,SNF5,124,1
SMCA4,1131,SNF5,364,1
BCL7C,15,SNF5,124,2
BCL7C,20,SNF5,124,2
BCL7C,47,SNF5,124,3
ARI1A,1880,SNF5,13,1
ARI1A,1905,SNF5,13,3
ARI1A,1047,SNF5,45,1
BCL7A,34,SNF5,106,2
BCL7A,34,SNF5,108,4
BCL7A,15,SNF5,124,1
BCL7A,27,SNF5,124,2
BCL7A,47,SNF5,124,1
BCL7A,15,SNF5,126,1
BCL7A,15,SNF5,324,3
BCL7B,34,SNF5,106,2
BCL7B,34,SNF5,108,4
BCL7B,15,SNF5,124,2
BCL7B,20,SNF5,124,1
BCL7B,27,SNF5,124,2
SMCA2,460,SMCA2,463,2
SMCA2,472,SMCA2,478,1
SMCA2,492,SMCA2,500,3
SMCA2,492,SMCA2,521,3
SMCA2,493,SMCA2,500,1
SMCA2,493,SMCA2,521,2
SMCA2,500,SMCA2,516,1
SMCA2,500,SMCA2,521,4
SMCA2,500,SMCA2,940,1
SMCA2,516,SMCA2,940,2
SMCA2,521,SMCA2,940,3
SMCA2,672,SMCA2,682,16
SMCA2,770,SMCA2,846,10
SMCA2,805,SMCA2,1101,1
SMCA2,805,SMCA2,1110,2
SMCA2,805,SMCA2,1183,1
SMCA2,805,SMCA2,1323,1
SMCA2,822,SMCA2,846,3
SMCA2,837,SMCA2,862,32
SMCA2,846,SMCA2,1434,3
SMCA2,857,SMCA2,1434,5
SMCA2,862,SMCA2,1434,1
SMCA2,940,SMCA2,1434,1
SMCA2,1003,SMCA2,1323,1
SMCA2,1051,SMCA2,1061,1
SMCA2,1051,SMCA2,1271,1
SMCA2,1101,SMCA2,1302,1
SMCA2,1101,SMCA2,1460,1
SMCA2,1183,SMCA2,1191,2
SMCA2,1191,SMCA2,1207,16
SMCA2,1191,SMCA2,1434,1
SMCA2,1207,SMCA2,1434,2
SMCA2,1271,SMCA2,1286,2
SMCA2,1271,SMCA2,1434,1
SMCA2,1286,SMCA2,1302,13
SMCA2,1286,SMCA2,1434,2
SMCA2,1302,SMCA2,1323,2
SMCA2,1434,SMCA2,1445,1
SMCA2,1434,SMCA2,1450,1
SMCA2,1445,SMCA2,1445,1
SMCA2,1445,SMCA2,1451,2
SMCA2,1445,SMCA2,1460,12
SMCA2,1450,SMCA2,1460,1
SMCA2,1451,SMCA2,1460,6
SMCA2,1453,SMCA2,1460,1
SMCA2,437,SMCA4,455,4
SMCA2,460,SMCA4,487,2
SMCA2,463,SMCA4,484,2
SMCA2,492,SMCA4,545,3
SMCA2,493,SMCA4,524,1
SMCA2,500,SMCA4,517,2
SMCA2,500,SMCA4,540,1
SMCA2,500,SMCA4,545,4
SMCA2,500,SMCA4,689,1
SMCA2,500,SMCA4,970,1
SMCA2,516,SMCA4,524,1
SMCA2,516,SMCA4,970,2
SMCA2,521,SMCA4,516,5
SMCA2,521,SMCA4,517,2
SMCA2,521,SMCA4,524,12
SMCA2,521,SMCA4,688,5
SMCA2,521,SMCA4,689,3
SMCA2,521,SMCA4,970,3
SMCA2,770,SMCA4,711,1
SMCA2,770,SMCA4,744,1
SMCA2,770,SMCA4,876,10
SMCA2,805,SMCA4,1213,1
SMCA2,822,SMCA4,876,3
SMCA2,837,SMCA4,892,32
SMCA2,846,SMCA4,572,1
SMCA2,846,SMCA4,626,3
SMCA2,846,SMCA4,689,3
SMCA2,846,SMCA4,711,7
SMCA2,846,SMCA4,800,10
SMCA2,846,SMCA4,852,3
SMCA2,846,SMCA4,1492,3
SMCA2,846,SMCA4,1610,2
SMCA2,857,SMCA4,1492,5
SMCA2,862,SMCA4,867,32
SMCA2,862,SMCA4,1492,1
SMCA2,940,SMCA4,524,1
SMCA2,940,SMCA4,540,2
SMCA2,940,SMCA4,545,3
SMCA2,940,SMCA4,711,3
SMCA2,940,SMCA4,1492,1
SMCA2,1051,SMCA4,1091,1
SMCA2,1051,SMCA4,1334,1
SMCA2,1061,SMCA4,1081,1
SMCA2,1101,SMCA4,1518,1
SMCA2,1183,SMCA4,572,1
SMCA2,1183,SMCA4,835,3
SMCA2,1183,SMCA4,1221,2
SMCA2,1191,SMCA4,835,2
SMCA2,1191,SMCA4,1213,2
SMCA2,1191,SMCA4,1237,16
SMCA2,1191,SMCA4,1414,1
SMCA2,1191,SMCA4,1492,1
SMCA2,1207,SMCA4,835,5
SMCA2,1207,SMCA4,1221,16
SMCA2,1207,SMCA4,1375,1
SMCA2,1207,SMCA4,1414,2
SMCA2,1207,SMCA4,1492,2
SMCA2,1207,SMCA4,1610,1
SMCA2,1271,SMCA4,1081,1
SMCA2,1271,SMCA4,1349,2
SMCA2,1271,SMCA4,1365,2
SMCA2,1271,SMCA4,1375,3
SMCA2,1271,SMCA4,1414,2
SMCA2,1271,SMCA4,1492,1
SMCA2,1286,SMCA4,1334,2
SMCA2,1286,SMCA4,1365,46
SMCA2,1286,SMCA4,1492,2
SMCA2,1302,SMCA4,1349,13
SMCA2,1434,SMCA4,626,1
SMCA2,1434,SMCA4,835,3
SMCA2,1434,SMCA4,876,3
SMCA2,1434,SMCA4,887,5
SMCA2,1434,SMCA4,892,1
SMCA2,1434,SMCA4,970,1
SMCA2,1434,SMCA4,1122,1
SMCA2,1434,SMCA4,1131,1
SMCA2,1434,SMCA4,1140,3
SMCA2,1434,SMCA4,1221,1
SMCA2,1434,SMCA4,1237,2
SMCA2,1434,SMCA4,1332,2
SMCA2,1434,SMCA4,1334,1
SMCA2,1434,SMCA4,1349,2
SMCA2,1434,SMCA4,1375,2
SMCA2,1434,SMCA4,1408,2
SMCA2,1434,SMCA4,1414,3
SMCA2,1434,SMCA4,1503,1
SMCA2,1434,SMCA4,1508,1
SMCA2,1434,SMCA4,1598,1
SMCA2,1434,SMCA4,1610,2
SMCA2,1445,SMCA4,1332,1
SMCA2,1445,SMCA4,1414,2
SMCA2,1445,SMCA4,1450,3
SMCA2,1445,SMCA4,1492,1
SMCA2,1445,SMCA4,1503,1
SMCA2,1445,SMCA4,1509,2
SMCA2,1445,SMCA4,1518,12
SMCA2,1445,SMCA4,1604,1
SMCA2,1450,SMCA4,1492,1
SMCA2,1450,SMCA4,1518,1
SMCA2,1451,SMCA4,1414,3
SMCA2,1451,SMCA4,1503,2
SMCA2,1451,SMCA4,1518,6
SMCA2,1453,SMCA4,1471,3
SMCA2,1453,SMCA4,1473,1
SMCA2,1453,SMCA4,1518,1
SMCA2,1460,SMCA4,835,1
SMCA2,1460,SMCA4,1122,1
SMCA2,1460,SMCA4,1131,1
SMCA2,1460,SMCA4,1365,3
SMCA2,1460,SMCA4,1375,3
SMCA2,1460,SMCA4,1414,3
SMCA2,1460,SMCA4,1433,3
SMCA2,1460,SMCA4,1450,17
SMCA2,1460,SMCA4,1473,1
SMCA2,1460,SMCA4,1503,12
SMCA2,1460,SMCA4,1508,1
SMCA2,1460,SMCA4,1509,6
SMCA2,1460,SMCA4,1511,1
SMCA2,1460,SMCA4,1598,1
SMCA2,1460,SMCA4,1602,3
SMCA2,1536,SMCA4,1375,1
SMCA2,1536,SMCA4,1414,1
SMCA2,1536,SMCA4,1602,1
SMCA2,1536,SMCA4,1610,1
BCL7C,2,SMCA2,460,1
BCL7C,15,SMCA2,846,5
ARI1A,2243,SMCA2,437,1
ARI1A,1934,SMCA2,846,1
ARI1A,2159,SMCA2,1191,1
ARI1A,2159,SMCA2,1460,1
BCL7A,15,SMCA2,472,2
BCL7A,15,SMCA2,475,1
BCL7A,19,SMCA2,805,1
BCL7A,15,SMCA2,846,10
BCL7B,15,SMCA2,846,5
ACTBL2,329,SMCA2,492,1
ACTBL2,329,SMCA2,493,2
ACTBL2,329,SMCA2,500,5
ACTBL2,292,SMCA2,846,1
ACTBL2,329,SMCA2,846,1
SMCA4,94,SMCA4,188,2
SMCA4,94,SMCA4,207,7
SMCA4,188,SMCA4,207,2
SMCA4,455,SMCA4,461,4
SMCA4,484,SMCA4,487,2
SMCA4,496,SMCA4,502,4
SMCA4,499,SMCA4,1332,1
SMCA4,516,SMCA4,524,17
SMCA4,516,SMCA4,545,5
SMCA4,516,SMCA4,548,1
SMCA4,517,SMCA4,524,2
SMCA4,517,SMCA4,545,2
SMCA4,524,SMCA4,540,1
SMCA4,524,SMCA4,545,12
SMCA4,524,SMCA4,689,1
SMCA4,524,SMCA4,970,1
SMCA4,540,SMCA4,970,2
SMCA4,545,SMCA4,688,5
SMCA4,545,SMCA4,689,3
SMCA4,545,SMCA4,970,3
SMCA4,546,SMCA4,572,1
SMCA4,546,SMCA4,689,1
SMCA4,548,SMCA4,689,2
SMCA4,572,SMCA4,876,1
SMCA4,572,SMCA4,1213,1
SMCA4,626,SMCA4,689,2
SMCA4,626,SMCA4,711,1
SMCA4,626,SMCA4,876,3
SMCA4,626,SMCA4,1414,1
SMCA4,626,SMCA4,1492,1
SMCA4,626,SMCA4,1610,1
SMCA4,688,SMCA4,711,5
SMCA4,689,SMCA4,711,3
SMCA4,689,SMCA4,876,3
SMCA4,711,SMCA4,800,1
SMCA4,711,SMCA4,876,7
SMCA4,711,SMCA4,970,3
SMCA4,744,SMCA4,800,1
SMCA4,800,SMCA4,876,10
SMCA4,835,SMCA4,1131,5
SMCA4,835,SMCA4,1140,6
SMCA4,835,SMCA4,1213,3
SMCA4,835,SMCA4,1221,2
SMCA4,835,SMCA4,1237,5
SMCA4,835,SMCA4,1365,2
SMCA4,835,SMCA4,1375,1
SMCA4,835,SMCA4,1414,1
SMCA4,835,SMCA4,1473,1
SMCA4,835,SMCA4,1492,3
SMCA4,835,SMCA4,1518,1
SMCA4,835,SMCA4,1610,1
SMCA4,852,SMCA4,876,3
SMCA4,867,SMCA4,892,32
SMCA4,876,SMCA4,1492,3
SMCA4,876,SMCA4,1610,2
SMCA4,887,SMCA4,1492,5
SMCA4,892,SMCA4,1492,1
SMCA4,970,SMCA4,1492,1
SMCA4,1033,SMCA4,1044,1
SMCA4,1033,SMCA4,1365,1
SMCA4,1081,SMCA4,1091,1
SMCA4,1081,SMCA4,1334,1
SMCA4,1122,SMCA4,1131,3
SMCA4,1122,SMCA4,1365,1
SMCA4,1122,SMCA4,1375,2
SMCA4,1122,SMCA4,1414,1
SMCA4,1122,SMCA4,1450,1
SMCA4,1122,SMCA4,1492,1
SMCA4,1122,SMCA4,1518,1
SMCA4,1122,SMCA4,1604,1
SMCA4,1131,SMCA4,1140,5
SMCA4,1131,SMCA4,1365,4
SMCA4,1131,SMCA4,1375,4
SMCA4,1131,SMCA4,1407,1
SMCA4,1131,SMCA4,1408,1
SMCA4,1131,SMCA4,1414,5
SMCA4,1131,SMCA4,1492,1
SMCA4,1131,SMCA4,1518,1
SMCA4,1131,SMCA4,1598,1
SMCA4,1131,SMCA4,1602,1
SMCA4,1131,SMCA4,1610,4
SMCA4,1140,SMCA4,1492,3
SMCA4,1213,SMCA4,1221,2
SMCA4,1221,SMCA4,1237,16
SMCA4,1221,SMCA4,1414,1
SMCA4,1221,SMCA4,1492,1
SMCA4,1237,SMCA4,1375,1
SMCA4,1237,SMCA4,1414,2
SMCA4,1237,SMCA4,1492,2
SMCA4,1237,SMCA4,1610,1
SMCA4,1332,SMCA4,1414,1
SMCA4,1332,SMCA4,1492,2
SMCA4,1332,SMCA4,1503,1
SMCA4,1334,SMCA4,1349,2
SMCA4,1334,SMCA4,1365,2
SMCA4,1334,SMCA4,1375,3
SMCA4,1334,SMCA4,1414,2
SMCA4,1334,SMCA4,1492,1
SMCA4,1349,SMCA4,1365,46
SMCA4,1349,SMCA4,1492,2
SMCA4,1365,SMCA4,1375,1
SMCA4,1365,SMCA4,1414,4
SMCA4,1365,SMCA4,1518,3
SMCA4,1365,SMCA4,1610,1
SMCA4,1375,SMCA4,1414,4
SMCA4,1375,SMCA4,1450,1
SMCA4,1375,SMCA4,1492,2
SMCA4,1375,SMCA4,1518,3
SMCA4,1375,SMCA4,1594,1
SMCA4,1375,SMCA4,1598,3
SMCA4,1375,SMCA4,1610,2
SMCA4,1407,SMCA4,1407,1
SMCA4,1407,SMCA4,1414,3
SMCA4,1408,SMCA4,1414,3
SMCA4,1408,SMCA4,1450,1
SMCA4,1408,SMCA4,1492,2
SMCA4,1414,SMCA4,1450,1
SMCA4,1414,SMCA4,1473,1
SMCA4,1414,SMCA4,1492,3
SMCA4,1414,SMCA4,1503,2
SMCA4,1414,SMCA4,1509,3
SMCA4,1414,SMCA4,1518,3
SMCA4,1414,SMCA4,1594,1
SMCA4,1414,SMCA4,1598,1
SMCA4,1414,SMCA4,1602,1
SMCA4,1414,SMCA4,1610,4
SMCA4,1433,SMCA4,1518,3
SMCA4,1450,SMCA4,1461,1
SMCA4,1450,SMCA4,1503,3
SMCA4,1450,SMCA4,1518,17
SMCA4,1450,SMCA4,1598,2
SMCA4,1450,SMCA4,1610,2
SMCA4,1461,SMCA4,1471,1
SMCA4,1471,SMCA4,1511,3
SMCA4,1471,SMCA4,1610,1
SMCA4,1473,SMCA4,1511,1
SMCA4,1473,SMCA4,1518,1
SMCA4,1473,SMCA4,1598,2
SMCA4,1492,SMCA4,1503,1
SMCA4,1492,SMCA4,1508,1
SMCA4,1492,SMCA4,1598,1
SMCA4,1492,SMCA4,1610,2
SMCA4,1503,SMCA4,1503,1
SMCA4,1503,SMCA4,1509,2
SMCA4,1503,SMCA4,1518,12
SMCA4,1503,SMCA4,1604,1
SMCA4,1508,SMCA4,1518,1
SMCA4,1509,SMCA4,1518,6
SMCA4,1511,SMCA4,1518,1
SMCA4,1518,SMCA4,1598,1
SMCA4,1518,SMCA4,1602,3
SMCA4,1594,SMCA4,1602,1
SMCA4,1594,SMCA4,1610,1
SMCA4,1596,SMCA4,1602,2
SMCA4,1596,SMCA4,1604,1
SMCA4,1596,SMCA4,1610,2
SMCA4,1598,SMCA4,1602,6
SMCA4,1598,SMCA4,1604,4
SMCA4,1602,SMCA4,1610,4
SMCA4,1604,SMCA4,1610,2
SMCA4,1610,SMCA4,1623,2
BCL7C,27,SMCA4,455,1
BCL7C,2,SMCA4,484,1
BCL7C,15,SMCA4,496,3
BCL7C,15,SMCA4,499,2
BCL7C,19,SMCA4,499,1
BCL7C,15,SMCA4,835,1
BCL7C,19,SMCA4,835,1
BCL7C,15,SMCA4,876,5
BCL7C,15,SMCA4,1414,1
ARI1A,1047,SMCA4,94,1
ARI1A,2159,SMCA4,94,4
ARI1A,1047,SMCA4,207,2
ARI1A,2159,SMCA4,207,1
ARI1A,2243,SMCA4,461,1
ARI1A,1934,SMCA4,876,1
ARI1A,2159,SMCA4,1221,1
ARI1A,2159,SMCA4,1518,1
BCL7A,27,SMCA4,455,1
BCL7A,15,SMCA4,496,4
BCL7A,15,SMCA4,499,4
BCL7A,19,SMCA4,499,1
BCL7A,15,SMCA4,835,4
BCL7A,27,SMCA4,835,1
BCL7A,30,SMCA4,835,2
BCL7A,65,SMCA4,835,1
BCL7A,67,SMCA4,835,1
BCL7A,15,SMCA4,876,10
BCL7A,19,SMCA4,1414,1
BCL7A,27,SMCA4,1610,1
BCL7B,27,SMCA4,455,1
BCL7B,15,SMCA4,496,3
BCL7B,15,SMCA4,499,2
BCL7B,19,SMCA4,499,1
BCL7B,15,SMCA4,835,1
BCL7B,19,SMCA4,835,1
BCL7B,27,SMCA4,835,1
BCL7B,30,SMCA4,835,2
BCL7B,15,SMCA4,876,5
BCL7B,15,SMCA4,1414,1
BCL7B,27,SMCA4,1610,1
ACTBL2,374,SMCA4,499,2
ACTBL2,327,SMCA4,516,2
ACTBL2,329,SMCA4,516,2
ACTBL2,329,SMCA4,517,4
ACTBL2,329,SMCA4,524,4
ACTBL2,329,SMCA4,689,1
ACTBL2,292,SMCA4,876,1
ACTBL2,329,SMCA4,876,1
BCL7C,15,BCL7C,27,4
BCL7C,15,BCL7C,47,3
BCL7C,19,BCL7C,27,1
BCL7C,27,BCL7C,47,1
BCL7C,33,BCL7C,47,1
BCL7B,15,BCL7C,27,4
BCL7B,19,BCL7C,27,1
BCL7B,15,BCL7C,47,3
ARI1A,26,ARI1A,51,8
ARI1A,980,ARI1A,990,1
ARI1A,997,ARI1A,1010,1
ARI1A,997,ARI1A,1047,4
ARI1A,1007,ARI1A,1021,2
ARI1A,1007,ARI1A,2159,1
ARI1A,1010,ARI1A,1021,4
ARI1A,1010,ARI1A,1047,17
ARI1A,1021,ARI1A,1034,1
ARI1A,1021,ARI1A,1047,1
ARI1A,1034,ARI1A,1047,2
ARI1A,1047,ARI1A,1201,1
ARI1A,1047,ARI1A,1230,3
ARI1A,1047,ARI1A,1238,2
ARI1A,1201,ARI1A,1230,10
ARI1A,1201,ARI1A,1238,2
ARI1A,1230,ARI1A,1238,16
ARI1A,1230,ARI1A,1662,2
ARI1A,1230,ARI1A,2159,1
ARI1A,1654,ARI1A,1819,1
ARI1A,1662,ARI1A,1662,1
ARI1A,1732,ARI1A,1862,5
ARI1A,1752,ARI1A,2020,5
ARI1A,1804,ARI1A,1811,3
ARI1A,1830,ARI1A,1862,1
ARI1A,1862,ARI1A,1880,3
ARI1A,1880,ARI1A,1934,2
ARI1A,1880,ARI1A,1953,1
ARI1A,1880,ARI1A,2020,7
ARI1A,1880,ARI1A,2146,2
ARI1A,1905,ARI1A,1928,4
ARI1A,1905,ARI1A,1934,2
ARI1A,1905,ARI1A,1953,1
ARI1A,1905,ARI1A,1962,2
ARI1A,1905,ARI1A,2020,12
ARI1A,1905,ARI1A,2146,1
ARI1A,1928,ARI1A,1938,12
ARI1A,1934,ARI1A,1953,1
ARI1A,1934,ARI1A,2020,2
ARI1A,1938,ARI1A,2020,1
ARI1A,1938,ARI1A,2146,2
ARI1A,1953,ARI1A,2020,11
ARI1A,1953,ARI1A,2146,22
ARI1A,1962,ARI1A,2020,2
ARI1A,1962,ARI1A,2146,4
ARI1A,2003,ARI1A,2020,16
ARI1A,2020,ARI1A,2025,1
BCL7A,15,BCL7A,27,14
BCL7A,15,BCL7A,30,1
BCL7A,15,BCL7A,33,1
BCL7A,15,BCL7A,34,1
BCL7A,15,BCL7A,47,5
BCL7A,19,BCL7A,27,1
BCL7A,27,BCL7A,30,8
BCL7A,27,BCL7A,33,2
BCL7A,27,BCL7A,34,3
BCL7A,27,BCL7A,47,4
BCL7A,27,BCL7A,59,4
BCL7A,27,BCL7A,65,1
BCL7A,30,BCL7A,34,2
BCL7A,34,BCL7A,47,5
BCL7A,34,BCL7A,55,2
BCL7A,34,BCL7A,59,2
BCL7A,15,BCL7B,27,14
BCL7A,15,BCL7B,30,1
BCL7A,15,BCL7B,33,1
BCL7A,15,BCL7B,34,1
BCL7A,19,BCL7B,27,1
BCL7A,27,BCL7B,30,8
BCL7A,27,BCL7B,33,2
BCL7A,27,BCL7B,34,3
BCL7A,30,BCL7B,27,8
BCL7A,30,BCL7B,34,2
BCL7A,33,BCL7B,27,2
BCL7A,34,BCL7B,27,3
BCL7A,34,BCL7B,30,2
BCL7A,47,BCL7B,27,4
BCL7A,47,BCL7B,34,5
BCL7A,55,BCL7B,34,2
BCL7A,59,BCL7B,27,4
BCL7A,59,BCL7B,34,2
BCL7A,65,BCL7B,27,1
ACTBL2,51,BCL7A,15,1
BCL7B,27,BCL7B,30,8
BCL7B,27,BCL7B,33,2
BCL7B,27,BCL7B,34,3
BCL7B,30,BCL7B,34,2
BCL7B,55,BCL7B,61,1
BCL7B,57,BCL7B,61,3
ACTBL2,292,ACTBL2,329,1